Model,Lookback,Split,RMSE,MAE,MSE,R2,MAPE,val_mse,train_seconds
Naive Persistence,14,test,3.6405745736096637,2.7672033309936523,13.253783226013184,0.9964706301689148,5.84141731262207,,
LSTM (fixed),14,test,1.3569930682303952,0.9648863077163696,1.8414301872253418,0.9995096325874329,2.331651210784912,2.5312740802764893,53.9
PatchTST (proposed),14,test,1.439561029786801,1.0324656963348389,2.072335958480835,0.9994481801986694,2.4248299598693848,2.892648696899414,67.4
Naive Persistence,24,test,3.6405745736096637,2.7672033309936523,13.253783226013184,0.9964706301689148,5.84141731262207,,
LSTM (fixed),24,test,1.5752110536643735,1.0498894453048706,2.481289863586426,0.9993392825126648,2.4577388763427734,2.6043708324432373,77.7
PatchTST (proposed),24,test,1.8522613108038986,1.2009587287902832,3.4308719635009766,0.9990863800048828,2.8952178955078125,4.081714153289795,56.7
Naive Persistence,36,test,3.6405745736096637,2.7672033309936523,13.253783226013184,0.9964706301689148,5.84141731262207,,
LSTM (fixed),36,test,1.620877832947573,1.1248475313186646,2.6272449493408203,0.9993003606796265,2.5150275230407715,2.835103750228882,79.5
PatchTST (proposed),36,test,1.9793621635924172,1.2906975746154785,3.917874574661255,0.9989566802978516,2.9700748920440674,4.368147373199463,97.8
