date,actual,chronos_pred
1974-01-01,49.2,24.275826
1975-01-01,22.5,34.50637
1976-01-01,18.4,13.849548
1977-01-01,39.3,12.192322
1978-01-01,131.0,48.025276
1979-01-01,220.1,176.6742
1980-01-01,218.9,260.37006
1981-01-01,198.9,255.55292
1982-01-01,162.4,225.53345
1983-01-01,91.0,160.61682
1984-01-01,60.5,51.320034
1985-01-01,20.6,33.477715
1986-01-01,14.8,13.810295
1987-01-01,33.9,10.593758
1988-01-01,123.0,22.060753
1989-01-01,211.1,137.80931
1990-01-01,191.8,221.18114
1991-01-01,203.3,202.19127
1992-01-01,133.0,216.37396
1993-01-01,76.1,121.79234
1994-01-01,44.9,55.74603
1995-01-01,25.1,17.512276
1996-01-01,11.6,18.910545
1997-01-01,28.9,13.412094
1998-01-01,88.3,22.458809
1999-01-01,136.3,107.69243
2000-01-01,173.9,161.60115
2001-01-01,170.4,206.13518
2002-01-01,163.6,199.13004
2003-01-01,99.3,190.96979
2004-01-01,65.3,85.67728
2005-01-01,45.8,36.914383
2006-01-01,24.7,22.96836
2007-01-01,12.6,17.952751
2008-01-01,4.2,11.286156
2009-01-01,4.8,3.972908
2010-01-01,24.9,3.826538
2011-01-01,80.8,44.779556
2012-01-01,84.5,136.68683
2013-01-01,94.0,120.06679
2014-01-01,113.3,122.14639
2015-01-01,69.8,130.53992
2016-01-01,39.8,59.76683
2017-01-01,21.7,22.228565
2018-01-01,7.0,11.893833
2019-01-01,3.6,4.087944
2020-01-01,8.8,1.9789658
2021-01-01,29.6,19.730915
2022-01-01,83.2,62.33164
2023-01-01,125.5,130.46729
