date,forecast
2025-01-01,54.440617
2025-02-01,53.162617
2025-03-01,52.380383
2025-04-01,50.917057
2025-05-01,49.93172
2025-06-01,49.199078
2025-07-01,47.688282
2025-08-01,46.221844
2025-09-01,44.79855
2025-10-01,44.79869
2025-11-01,44.05904
2025-12-01,44.055836
2026-01-01,43.1664
2026-02-01,42.786648
2026-03-01,41.008305
2026-04-01,39.96819
2026-05-01,38.835133
2026-06-01,37.61849
2026-07-01,36.36506
2026-08-01,35.38534
2026-09-01,35.556873
2026-10-01,32.515587
2026-11-01,31.002907
2026-12-01,30.205008
2027-01-01,27.92073
2027-02-01,26.453493
2027-03-01,26.367884
2027-04-01,24.902145
2027-05-01,23.782043
2027-06-01,22.686014
2027-07-01,22.268412
2027-08-01,21.150404
2027-09-01,19.358843
2027-10-01,18.764397
2027-11-01,18.162188
2027-12-01,14.305786
2028-01-01,16.49897
2028-02-01,15.52729
2028-03-01,13.658984
2028-04-01,11.017262
2028-05-01,10.773907
2028-06-01,8.63063
2028-07-01,9.168131
2028-08-01,8.765747
2028-09-01,9.223942
2028-10-01,8.179031
2028-11-01,6.7274776
2028-12-01,6.476586
2029-01-01,6.6060824
2029-02-01,6.3302703
2029-03-01,5.5414987
2029-04-01,5.1334596
2029-05-01,4.584229
2029-06-01,4.355225
2029-07-01,4.9233212
2029-08-01,4.6753783
2029-09-01,3.2579505
2029-10-01,3.6863415
2029-11-01,3.800048
2029-12-01,3.6961377
2030-01-01,3.7984211
2030-02-01,3.7469108
2030-03-01,4.975485
2030-04-01,5.1774545
2030-05-01,6.083163
2030-06-01,6.2263
2030-07-01,6.8214283
2030-08-01,7.254624
2030-09-01,8.3253145
2030-10-01,8.295001
2030-11-01,9.995798
2030-12-01,10.091303
2031-01-01,11.714618
2031-02-01,12.022484
2031-03-01,12.431389
2031-04-01,14.454755
2031-05-01,15.583726
2031-06-01,16.757036
2031-07-01,18.455156
2031-08-01,19.272627
2031-09-01,20.456121
2031-10-01,22.565466
2031-11-01,24.117294
2031-12-01,26.352951
2032-01-01,26.992615
2032-02-01,27.88186
2032-03-01,30.206642
2032-04-01,30.731543
2032-05-01,31.89517
2032-06-01,31.90138
2032-07-01,32.65636
2032-08-01,35.501038
2032-09-01,35.32003
2032-10-01,36.915257
2032-11-01,37.037354
2032-12-01,37.859226
2033-01-01,37.22292
2033-02-01,39.195393
2033-03-01,39.49348
2033-04-01,40.400345
2033-05-01,41.473362
2033-06-01,41.623074
2033-07-01,42.456913
2033-08-01,42.83959
2033-09-01,44.684803
2033-10-01,44.455475
2033-11-01,43.972504
2033-12-01,44.779675
2034-01-01,45.555157
2034-02-01,45.499317
2034-03-01,46.04655
2034-04-01,45.005493
2034-05-01,45.388622
2034-06-01,45.977253
2034-07-01,46.68282
2034-08-01,46.310467
2034-09-01,45.401577
2034-10-01,46.849045
2034-11-01,46.8465
2034-12-01,47.026794
2035-01-01,46.159756
2035-02-01,46.208645
2035-03-01,46.456356
2035-04-01,44.967102
2035-05-01,46.00742
2035-06-01,45.22002
2035-07-01,43.097095
2035-08-01,43.937733
2035-09-01,42.615105
2035-10-01,43.19965
2035-11-01,41.10603
2035-12-01,40.08819
2036-01-01,40.280437
2036-02-01,39.35887
2036-03-01,38.74234
2036-04-01,38.34136
2036-05-01,37.20577
2036-06-01,37.364914
2036-07-01,35.049515
2036-08-01,34.22037
2036-09-01,34.248135
2036-10-01,34.37714
2036-11-01,32.467304
2036-12-01,31.862387
2037-01-01,30.573532
2037-02-01,28.875814
2037-03-01,28.36283
2037-04-01,27.541388
2037-05-01,27.24869
2037-06-01,25.966253
2037-07-01,24.821539
2037-08-01,25.375204
2037-09-01,25.93846
2037-10-01,24.663538
2037-11-01,23.351053
2037-12-01,23.152796
2038-01-01,22.749252
