date,actual,LSTM (fixed),PatchTST (proposed),Naive Persistence,chronos_pred,Ensemble (LSTM+PatchTST),Ensemble (LSTM+PatchTST+Chronos)
1983-11-01,89.7,89.72461,89.00566,92.0,95.5764,89.36513500000001,91.43555666666668
1983-12-01,85.5,86.55175,86.60553,89.7,88.380035,86.57864000000001,87.179105
1984-01-01,80.5,81.10582,81.762054,85.5,79.4605,81.433937,80.77612466666666
1984-02-01,75.8,76.34608,76.78714,80.5,69.9088,76.56661,74.34733999999999
1984-03-01,71.2,71.94855,72.209305,75.8,63.209007,72.07892749999999,69.12228733333332
1984-04-01,66.8,67.41995,66.29701,71.2,56.783157,66.85848,63.500038999999994
1984-05-01,63.5,63.432983,62.99965,66.8,51.13375,63.216316500000005,59.188794333333334
1984-06-01,61.7,61.192387,61.683712,63.5,49.115807,61.4380495,57.33063533333333
1984-07-01,58.3,60.120003,59.393623,61.7,49.941788,59.756812999999994,56.485138
1984-08-01,52.2,54.02754,52.37607,58.3,49.347412,53.201805,51.91700733333334
1984-09-01,44.3,46.902893,45.210594,52.2,40.507614,46.056743499999996,44.20703366666666
1984-10-01,37.2,38.00968,37.806606,44.3,30.030457,37.908143,35.28224766666667
1984-11-01,31.6,32.928688,31.79594,37.2,24.94246,32.362314,29.88902933333333
1984-12-01,27.4,27.552227,26.912693,31.6,21.130493,27.23246,25.198471
1985-01-01,25.2,24.679913,23.180119,27.4,16.95134,23.930016000000002,21.60379066666667
1985-02-01,23.5,23.587318,22.464073,25.2,15.078064,23.025695499999998,20.376485
1985-03-01,21.7,21.157717,21.047243,23.5,16.173569,21.10248,19.459509666666666
1985-04-01,21.3,19.612103,19.45845,21.7,13.013916,19.535276500000002,17.361489666666667
1985-05-01,21.4,20.672714,20.233908,21.3,17.312958,20.453311,19.406526666666664
1985-06-01,20.8,20.433096,20.278664,21.4,20.612343,20.35588,20.441367666666665
1985-07-01,19.9,19.694313,20.167267,20.8,20.763527,19.930790000000002,20.208369
1985-08-01,19.6,19.010017,20.018164,19.9,18.649231,19.514090500000002,19.225804
1985-09-01,19.8,19.624317,19.951334,19.6,17.083443,19.7878255,18.886364666666665
1985-10-01,19.7,19.889473,20.04091,19.8,17.242157,19.9651915,19.057513333333333
1985-11-01,19.1,19.413523,19.715824,19.7,16.759201,19.5646735,18.629516
1985-12-01,17.3,18.496937,18.550962,19.1,16.499626,18.5239495,17.849175
1986-01-01,15.2,15.350084,15.300577,17.3,15.289299,15.3253305,15.31332
1986-02-01,14.3,13.913396,13.620648,15.2,13.320007,13.767022,13.618017
1986-03-01,14.3,14.076612,13.607143,14.3,12.751289,13.8418775,13.478348000000002
1986-04-01,15.1,14.251053,13.590985,14.3,12.876625,13.921019000000001,13.572887666666668
1986-05-01,15.8,15.707986,15.386743,15.1,12.799408,15.5473645,14.631379
1986-06-01,15.2,15.663801,16.176634,15.8,12.834534,15.9202175,14.891656333333332
1986-07-01,15.1,14.141665,14.361937,15.2,12.556938,14.251801,13.686846666666668
1986-08-01,14.4,15.372727,15.127235,15.1,12.771309,15.249981,14.423757
1986-09-01,13.5,13.060097,13.445163,14.4,12.790215,13.25263,13.098491666666666
1986-10-01,14.7,13.206772,12.587654,13.5,12.280334,12.897213,12.691586666666666
1986-11-01,16.6,16.30196,16.261045,14.7,12.793449,16.281502500000002,15.118818000000003
1986-12-01,18.3,17.518885,18.245646,16.6,13.978798,17.882265500000003,16.581109666666666
1987-01-01,19.9,19.679375,19.682007,18.3,15.159729,19.680691,18.173703666666665
1987-02-01,22.3,21.13366,21.227043,19.9,16.701466,21.1803515,19.687389666666665
1987-03-01,25.5,25.153175,23.956215,22.3,19.188572,24.554695000000002,22.76598733333334
1987-04-01,28.0,28.539652,28.021881,25.5,24.960442,28.2807665,27.173991666666666
1987-05-01,30.3,30.519644,30.535416,28.0,30.932133,30.52753,30.662397666666664
1987-06-01,32.7,33.342888,32.900616,30.3,32.780773,33.121752,33.00809233333334
1987-07-01,36.2,35.209015,35.290543,32.7,33.964943,35.249779000000004,34.82150033333334
1987-08-01,40.5,40.345757,39.842537,36.2,37.38955,40.094147,39.192614666666664
1987-09-01,45.3,44.17452,44.780293,40.5,41.715137,44.4774065,43.55665
1987-10-01,51.0,50.158966,49.887394,45.3,46.648483,50.023179999999996,48.898281
1987-11-01,55.1,56.34716,56.740913,51.0,53.604256,56.544036500000004,55.56410966666667
1987-12-01,60.9,58.00917,59.256077,55.1,57.077404,58.632623499999994,58.114217
1988-01-01,69.2,68.56958,66.8449,60.9,63.49543,67.70724,66.30330333333333
1988-02-01,76.9,76.1991,77.16153,69.2,72.793045,76.68031500000001,75.38455833333335
1988-03-01,84.9,84.08048,84.16174,76.9,80.00115,84.12110999999999,82.74779
1988-04-01,93.0,93.088425,93.482185,84.9,88.1464,93.285305,91.57233666666666
1988-05-01,101.4,100.400696,101.40947,93.0,96.71841,100.90508299999999,99.50952533333333
1988-06-01,114.3,110.18771,109.618004,101.4,106.27985,109.902857,108.69518799999999
1988-07-01,128.5,128.08311,127.07872,114.3,120.773315,127.580915,125.311715
1988-08-01,141.1,140.00064,142.17957,128.5,136.85788,141.090105,139.67936333333333
1988-09-01,151.2,153.50873,153.55634,141.1,150.5084,153.532535,152.52449
1988-10-01,156.9,159.96716,162.24597,151.2,161.57858,161.106565,161.26390333333333
1988-11-01,164.4,162.55614,163.59274,156.9,167.30107,163.07443999999998,164.48331666666664
1988-12-01,176.1,174.83847,172.42369,164.4,172.88297,173.63108,173.38171
1989-01-01,184.8,186.9943,187.10114,176.1,185.6754,187.04772,186.59028
1989-02-01,190.7,190.95865,192.78598,184.8,194.22337,191.87231500000001,192.65600000000003
1989-03-01,198.0,197.11923,197.49966,190.7,199.64581,197.30944499999998,198.0882333333333
1989-04-01,203.8,205.22475,206.00574,198.0,207.54276,205.61524500000002,206.25775
1989-05-01,209.5,207.95667,208.66179,203.8,212.64024,208.30923,209.75290000000004
1989-06-01,212.1,216.20937,214.40085,209.5,217.02788,215.30511,215.87936666666667
1989-07-01,212.0,211.86205,214.27354,212.1,216.72304,213.067795,214.28620999999998
1989-08-01,211.1,213.85985,212.45395,212.0,211.79263,213.1569,212.70214333333334
1989-09-01,210.5,209.75926,212.35316,211.1,209.04602,211.05621000000002,210.3861466666667
1989-10-01,212.4,211.24094,211.23427,210.5,208.69951,211.237605,210.39157333333333
1989-11-01,212.5,214.2307,213.40796,212.4,212.95764,213.81933,213.5321
1989-12-01,206.2,210.07666,210.83623,212.5,214.1793,210.456445,211.6973966666667
1990-01-01,201.2,198.36845,198.93271,206.2,205.22739,198.65058,200.84285
1990-02-01,202.4,198.6716,197.42528,201.2,199.67715,198.04844,198.59134333333336
1990-03-01,200.9,204.26585,202.80112,202.4,203.37492,203.53348499999998,203.48063
1990-04-01,198.1,195.53654,195.81992,200.9,201.93051,195.67822999999999,197.76232333333334
1990-05-01,195.1,195.53981,193.54163,198.1,198.50923,194.54072,195.86355666666668
1990-06-01,192.0,190.85323,192.48448,195.1,196.23248,191.668855,193.19006333333334
1990-07-01,190.1,190.15392,189.75906,192.0,193.50507,189.95649,191.13935
1990-08-01,191.6,188.4185,189.05453,190.1,191.15068,188.736515,189.54123666666666
1990-09-01,194.6,193.74297,191.83975,191.6,191.37474,192.79136,192.31915333333333
1990-10-01,195.2,195.47046,194.78438,194.6,194.95941,195.12742,195.07141666666666
1990-11-01,195.2,194.34563,195.17946,195.2,195.4645,194.762545,194.99652999999998
1990-12-01,197.8,195.36766,196.68314,195.2,193.5098,196.0254,195.18686666666667
1991-01-01,202.8,200.6221,199.58124,197.8,196.03926,200.10167,198.74753333333334
1991-02-01,204.4,206.91927,207.28687,202.8,203.45496,207.10307,205.88703333333333
1991-03-01,203.9,204.70824,206.1593,204.4,202.9147,205.43376999999998,204.59408
1991-04-01,203.8,205.36223,204.13342,203.9,200.98196,204.747825,203.49253666666667
1991-05-01,202.9,204.63509,204.08559,203.8,201.16614,204.36034,203.29560666666669
1991-06-01,202.8,202.67432,202.36131,202.9,199.43365,202.51781499999998,201.48976000000002
1991-07-01,203.5,203.77975,202.94908,202.8,200.19232,203.364415,202.30705
1991-08-01,203.3,203.8942,203.26395,203.5,202.04588,203.579075,203.06801
1991-09-01,200.9,202.68724,202.12894,203.3,201.1655,202.40809000000002,201.99389333333338
1991-10-01,196.7,197.95259,199.02368,200.9,198.8315,198.488135,198.60259
1991-11-01,191.4,193.66324,193.15945,196.7,194.33247,193.41134499999998,193.71838666666667
1991-12-01,183.1,188.22531,185.05997,191.4,188.73203,186.64264,187.33910333333333
1992-01-01,172.6,177.62419,175.22931,183.1,173.80368,176.42675,175.55239333333336
1992-02-01,161.1,166.1561,165.04642,172.6,156.9472,165.60126000000002,162.71657333333334
1992-03-01,151.8,153.3567,151.647,161.1,144.32272,152.50185,149.77547333333334
1992-04-01,146.0,146.1928,143.35022,151.8,137.89095,144.77151,142.47799
1992-05-01,142.1,141.42738,139.73642,146.0,137.09865,140.58190000000002,139.4208166666667
1992-06-01,137.1,138.27783,135.87776,142.1,136.66783,137.07779499999998,136.94114
1992-07-01,128.5,131.26503,129.817,137.1,132.49635,130.54101500000002,131.19279333333336
1992-08-01,119.3,120.09276,119.437515,128.5,121.9241,119.76513750000001,120.48479166666668
1992-09-01,113.0,112.54389,111.58559,119.3,112.705185,112.06474,112.27822166666665
1992-10-01,109.0,108.67445,107.50842,113.0,108.243935,108.09143499999999,108.14226833333332
1992-11-01,106.3,105.64372,104.60522,109.0,103.64779,105.12447,104.63224333333334
1992-12-01,104.5,103.80744,103.594345,106.3,102.975845,103.70089250000001,103.45921
1993-01-01,101.9,102.33761,102.881546,104.5,103.90335,102.609578,103.04083533333333
1993-02-01,99.3,98.41234,99.42896,101.9,101.08531,98.92065,99.64220333333333
1993-03-01,95.4,96.90528,96.848206,99.3,97.11715,96.876743,96.95687866666667
1993-04-01,90.2,90.811356,91.05676,95.4,88.99559,90.934058,90.28790199999999
1993-05-01,84.2,86.01619,84.92418,90.2,77.82731,85.470185,82.92255999999999
1993-06-01,78.6,78.95383,79.3053,84.2,67.58179,79.129565,75.28030666666666
1993-07-01,76.5,74.85251,74.74454,78.6,61.886887,74.798525,70.49464566666667
1993-08-01,73.6,76.054214,75.127785,76.5,65.91272,75.59099950000001,72.36490633333334
1993-09-01,68.3,69.325905,69.40552,73.6,65.68558,69.3657125,68.13900166666667
1993-10-01,63.2,64.144455,62.57032,68.3,56.021126,63.3573875,60.911967000000004
1993-11-01,58.4,59.34559,58.671963,63.2,49.059074,59.008776499999996,55.692209
1993-12-01,55.1,54.5759,53.682087,58.4,45.61766,54.1289935,51.29188233333334
1994-01-01,52.6,53.139214,52.040833,55.1,42.377777,52.5900235,49.18594133333334
1994-02-01,50.2,50.05307,49.66742,52.6,41.549507,49.860245,47.089999
1994-03-01,49.4,48.18638,47.50222,50.2,43.12381,47.844300000000004,46.27080333333333
1994-04-01,49.6,48.856674,48.92462,49.4,47.879105,48.890647,48.55346633333334
1994-05-01,48.7,48.982437,49.683693,49.6,50.28592,49.333065,49.650683333333326
1994-06-01,46.4,46.929085,47.152786,48.7,49.08008,47.0409355,47.72065033333334
1994-07-01,42.7,44.0223,43.696396,46.4,45.61403,43.859348,44.444241999999996
1994-08-01,40.1,39.228252,39.728,42.7,39.852196,39.478126,39.602816
1994-09-01,39.7,38.95093,38.649208,40.1,36.73255,38.800069,38.110896000000004
1994-10-01,39.4,39.476845,39.493553,39.7,38.488472,39.485198999999994,39.15295666666666
1994-11-01,38.7,38.544537,38.545,39.4,38.74205,38.5447685,38.61052900000001
1994-12-01,37.6,37.90109,37.574738,38.7,38.59671,37.737914,38.024179333333336
1995-01-01,35.6,36.209373,36.529533,37.6,36.53972,36.369453,36.42620866666667
1995-02-01,33.7,33.62332,33.828102,35.6,34.119133,33.725711000000004,33.85685166666667
1995-03-01,32.0,32.39696,31.841793,33.7,31.745201,32.1193765,31.994651333333337
1995-04-01,29.4,30.484394,29.985394,32.0,29.878403,30.234894,30.116063666666665
1995-05-01,27.3,27.071121,26.921257,29.4,25.449677,26.996189,26.480685000000005
1995-06-01,25.9,26.343204,26.145092,27.3,22.180107,26.244148000000003,24.889467666666672
1995-07-01,24.4,24.623394,25.01545,25.9,21.747711,24.819422000000003,23.795518333333334
1995-08-01,22.0,23.131931,22.503805,24.4,19.297218,22.817868,21.644318
1995-09-01,19.0,19.689232,19.131207,22.0,12.982132,19.4102195,17.267523666666666
1995-10-01,17.0,16.795715,16.191595,19.0,7.684395,16.493655,13.557235
1995-11-01,15.9,15.958295,15.335566,17.0,6.1279144,15.6469305,12.473925133333333
1995-12-01,15.1,14.938794,14.796791,15.9,9.948631,14.8677925,13.228072
1996-01-01,14.5,14.378662,14.156346,15.1,12.315292,14.267503999999999,13.616766666666665
1996-02-01,14.2,13.785683,13.587141,14.5,12.498665,13.686412,13.290496333333335
1996-03-01,13.7,13.785308,13.733238,14.2,12.563057,13.759273,13.360534333333334
1996-04-01,12.0,12.837382,13.2853775,13.7,11.603531,13.06137975,12.575430166666669
1996-05-01,11.2,10.108974,10.361038,12.0,7.541214,10.235006,9.337075333333333
1996-06-01,11.6,11.312478,10.603125,11.2,7.3309402,10.9578015,9.748847733333333
1996-07-01,11.3,11.643568,11.783455,11.6,10.462982,11.7135115,11.296668333333335
1996-08-01,11.2,10.591084,10.970926,11.3,10.906227,10.781005,10.822745666666668
1996-09-01,11.3,11.421116,11.52512,11.2,10.7417755,11.473118,11.229337166666667
1996-10-01,12.0,11.007353,11.159729,11.3,10.842232,11.083541,11.003104666666667
1996-11-01,13.4,12.849996,12.220426,12.0,11.350838,12.535211,12.14042
1996-12-01,14.3,14.235394,14.704434,13.4,12.715427,14.469914,13.885084999999998
1997-01-01,14.5,14.766487,15.117482,14.3,13.140221,14.9419845,14.341396666666668
1997-02-01,15.2,14.642846,14.46548,14.5,12.747242,14.554162999999999,13.951856
1997-03-01,18.3,16.631397,16.459332,15.2,13.206501,16.545364499999998,15.432409999999999
1997-04-01,22.0,21.547752,20.851135,18.3,18.992397,21.1994435,20.463761333333334
1997-05-01,24.4,24.737896,24.56069,22.0,24.099472,24.649293,24.466019333333332
1997-06-01,27.2,26.811417,26.742786,24.4,26.035734,26.7771015,26.529979
1997-07-01,30.4,30.729774,30.47712,27.2,28.256502,30.603447,29.821132000000002
1997-08-01,33.6,33.46334,33.5426,30.4,32.352177,33.502970000000005,33.11937233333334
1997-09-01,38.2,37.1488,36.732582,33.6,36.216618,36.940691,36.699333333333335
1997-10-01,43.1,43.21014,42.819557,38.2,41.822098,43.0148485,42.617264999999996
1997-11-01,47.1,47.222595,47.84224,43.1,47.166927,47.532417499999994,47.41058733333333
1997-12-01,52.0,51.015327,51.311386,47.1,50.700176,51.1633565,51.008962999999994
1998-01-01,58.4,57.386887,57.422028,52.0,55.13494,57.4044575,56.647951666666664
1998-02-01,65.4,64.45981,64.45584,58.4,62.0724,64.457825,63.66268333333333
1998-03-01,72.0,71.98837,71.81434,65.4,69.703766,71.901355,71.16882533333333
1998-04-01,76.9,77.958115,78.76785,72.0,75.84567,78.3629825,77.52387833333334
1998-05-01,80.8,81.259476,82.12399,76.9,80.70564,81.691733,81.36303533333334
1998-06-01,85.4,85.2102,85.05072,80.8,84.94614,85.13046,85.06902000000001
1998-07-01,89.8,90.39239,90.275734,85.4,89.32344,90.334062,89.99718800000001
1998-08-01,93.5,93.68329,94.08951,89.8,93.774605,93.88640000000001,93.849135
1998-09-01,96.4,97.220184,97.17646,93.5,97.355255,97.198322,97.250633
1998-10-01,98.2,98.83292,99.72482,96.4,100.61952,99.27887,99.72575333333333
1998-11-01,102.3,99.91541,100.445015,98.2,101.55145,100.1802125,100.63729166666667
1998-12-01,110.4,107.452034,106.25353,102.3,106.20941,106.85278199999999,106.63832466666666
1999-01-01,118.4,117.86031,117.46657,110.4,116.64697,117.66344000000001,117.32461666666667
1999-02-01,122.5,124.271484,125.22625,118.4,124.36908,124.74886699999999,124.62227133333333
1999-03-01,122.3,125.08233,126.30451,122.5,127.563225,125.69342,126.31668833333333
1999-04-01,125.0,122.060326,123.073364,122.3,126.352516,122.566845,123.82873533333333
1999-05-01,132.6,130.9553,128.1828,125.0,128.30762,129.56905,129.14857333333333
1999-06-01,136.3,139.40894,138.8093,132.6,136.74802,139.10912000000002,138.32208666666668
1999-07-01,138.1,137.11845,139.0438,136.3,140.281,138.081125,138.81441666666666
1999-08-01,142.9,141.76797,140.65738,138.1,142.24216,141.212675,141.55583666666666
1999-09-01,150.5,147.49818,148.31123,142.9,147.7638,147.90470499999998,147.85773666666665
1999-10-01,159.3,158.10416,156.8674,150.5,155.1917,157.48578,156.72108666666668
1999-11-01,164.1,166.7533,167.123,159.3,164.5318,166.93815,166.13603333333333
1999-12-01,164.0,166.44696,167.85738,164.1,168.08148,167.15217,167.46194
2000-01-01,166.1,164.62521,164.42516,164.0,167.20569,164.52518500000002,165.41868666666667
2000-02-01,170.6,170.9057,170.21771,166.1,170.07033,170.56170500000002,170.39791333333335
2000-03-01,174.3,174.35355,175.1301,170.6,174.18518,174.741825,174.5562766666667
2000-04-01,175.2,177.78096,176.80286,174.3,177.41574,177.29191,177.33318666666665
2000-05-01,172.9,174.81207,175.97942,175.2,178.78795,175.395745,176.52648
2000-06-01,172.7,170.9356,172.01758,172.9,175.52402,171.47659,172.82573333333335
2000-07-01,174.2,174.45311,173.66481,172.7,174.33868,174.05896,174.1522
2000-08-01,172.8,174.49991,174.74327,174.2,177.80292,174.62159,175.68203333333335
2000-09-01,168.8,170.12268,168.84563,172.8,175.46472,169.484155,171.47767666666664
2000-10-01,165.3,164.5912,163.2209,168.8,168.18839,163.90605,165.33349666666666
2000-11-01,163.1,162.87704,163.47212,165.3,164.70926,163.17458,163.68614
2000-12-01,162.7,161.22678,162.30682,163.1,163.22217,161.7668,162.25192333333334
2001-01-01,158.3,162.3725,160.1394,162.7,163.40314,161.25594999999998,161.97168
2001-02-01,152.5,152.1604,150.55783,158.3,157.64642,151.359115,153.45488333333333
2001-03-01,155.1,149.11246,147.42726,152.5,149.91928,148.26986,148.81966666666665
2001-04-01,160.7,159.17862,158.68369,155.1,155.64923,158.931155,157.83718
2001-05-01,163.7,162.0151,162.86557,160.7,166.626,162.440335,163.83555666666666
2001-06-01,167.4,164.80128,163.462,163.7,171.37903,164.13164,166.54743666666667
2001-07-01,172.0,169.83595,171.07863,167.4,175.05554,170.45729,171.99004
2001-08-01,175.8,175.54489,176.55746,172.0,181.79503,176.051175,177.96579333333332
2001-09-01,177.1,179.59332,179.54745,175.8,185.57057,179.570385,181.57044666666664
2001-10-01,177.3,179.62317,179.512,177.1,182.35065,179.567585,180.49527333333333
2001-11-01,180.3,179.93762,177.12172,177.3,178.8123,178.52967,178.62388
2001-12-01,179.1,185.52606,182.7467,180.3,184.46204,184.13638,184.2449333333333
2002-01-01,177.6,175.78539,178.84041,179.1,180.96117,177.3129,178.52899000000002
2002-02-01,179.7,179.79613,176.77457,177.6,176.40672,178.28535,177.65913999999998
2002-03-01,178.2,180.82889,180.78755,179.7,179.09418,180.80822,180.23687333333336
2002-04-01,174.4,174.91165,174.98296,178.2,175.38136,174.947305,175.09199
2002-05-01,171.3,171.26685,171.00345,174.4,167.94597,171.13515,170.07209
2002-06-01,166.9,168.59918,168.25546,171.3,163.96194,168.42732,166.93886
2002-07-01,161.5,162.92822,161.73262,166.9,159.84508,162.33042,161.50197333333332
2002-08-01,155.4,157.64958,156.33789,161.5,153.85402,156.993735,155.94716333333332
2002-09-01,149.5,150.5975,150.11784,155.4,147.09415,150.35766999999998,149.26982999999998
2002-10-01,143.9,145.32101,143.4852,149.5,142.86563,144.40310499999998,143.89061333333333
2002-11-01,136.0,139.35037,138.08595,143.9,138.4865,138.71816,138.64094
2002-12-01,131.4,129.08182,129.23618,136.0,128.59344,129.159,128.97047999999998
2003-01-01,129.6,130.3516,126.90143,131.4,125.681305,128.62651499999998,127.64477833333332
2003-02-01,125.7,126.78894,125.8804,129.6,128.85368,126.33466999999999,127.17433999999999
2003-03-01,118.7,121.43677,121.16608,125.7,126.795044,121.301425,123.13263133333334
2003-04-01,111.9,112.19882,112.438644,118.7,114.28103,112.318732,112.97283133333333
2003-05-01,107.0,107.45828,105.986206,111.9,102.51902,106.72224299999999,105.32116866666667
2003-06-01,101.7,103.33154,102.83691,107.0,97.23599,103.084225,101.13481333333334
2003-07-01,96.0,96.902214,96.73183,101.7,91.64248,96.81702200000001,95.09217466666666
2003-08-01,92.9,91.75518,90.61078,96.0,84.103165,91.18298,88.82304166666667
2003-09-01,91.8,91.34023,89.8454,92.9,82.248665,90.592815,87.81143166666668
2003-10-01,89.1,90.26435,90.442665,91.8,85.74713,90.3535075,88.81804833333335
2003-11-01,86.9,85.43616,86.38793,89.1,83.150024,85.912045,84.99137133333333
2003-12-01,84.1,85.562775,84.09404,86.9,81.25286,84.8284075,83.63655833333333
2004-01-01,80.1,80.331505,80.28194,84.1,75.02696,80.3067225,78.54680166666667
2004-02-01,76.4,76.93315,76.954895,80.1,66.72596,76.94402249999999,73.53800166666666
2004-03-01,73.2,73.31291,74.340576,76.4,63.41633,73.826743,70.35660533333333
2004-04-01,71.0,70.738815,70.06482,73.2,64.99014,70.40181749999999,68.59792499999999
2004-05-01,69.5,69.432465,68.63802,71.0,65.16683,69.0352425,67.74577166666667
2004-06-01,67.1,68.04111,68.33942,69.5,62.154755,68.19026500000001,66.17842833333334
2004-07-01,64.8,64.45918,64.62394,67.1,58.240395,64.54156,62.44117166666667
2004-08-01,63.0,63.2258,62.17087,64.8,57.558945,62.698335,60.985205
2004-09-01,60.2,61.224037,60.990852,63.0,56.701874,61.1074445,59.638921
2004-10-01,57.9,57.427513,57.56227,60.2,53.243042,57.494891499999994,56.07760833333333
2004-11-01,56.6,56.659042,55.882935,57.9,51.790077,56.2709885,54.777351333333336
2004-12-01,55.7,55.366447,55.477955,56.6,53.502,55.422201,54.782134000000006
2005-01-01,54.5,54.934326,54.85461,55.7,54.65307,54.894468,54.814001999999995
2005-02-01,53.2,53.00902,53.348793,54.5,53.18892,53.1789065,53.18224433333333
2005-03-01,52.3,52.13659,51.91015,53.2,51.462296,52.02337,51.836345333333334
2005-04-01,49.3,51.461792,51.1939,52.3,51.365997,51.327846,51.340563
2005-05-01,45.0,45.856934,46.274857,49.3,47.52603,46.065895499999996,46.552606999999995
2005-06-01,44.5,42.16468,41.757057,45.0,40.139854,41.960868500000004,41.35386366666667
2005-07-01,44.6,45.970936,44.48375,44.5,41.838478,45.227343000000005,44.09772133333334
2005-08-01,41.9,43.0647,43.774433,44.6,44.43257,43.4195665,43.75723433333334
2005-09-01,39.4,39.276474,39.037685,41.9,39.418,39.1570795,39.244053
2005-10-01,38.9,38.001537,37.57428,39.4,34.115295,37.7879085,36.563704
2005-11-01,38.4,38.82749,38.13964,38.9,35.333786,38.483565,37.43363866666667
2005-12-01,36.0,37.243256,37.36155,38.4,36.50753,37.302403,37.03744533333333
2006-01-01,33.0,33.457237,33.70927,36.0,31.930717,33.5832535,33.032408
2006-02-01,29.7,30.933304,30.151276,33.0,26.466331,30.54229,29.183637
2006-03-01,27.4,26.948696,26.822344,29.7,22.586456,26.88552,25.452498666666667
2006-04-01,27.0,26.469378,26.436317,27.4,20.399689,26.452847499999997,24.435127999999995
2006-05-01,27.4,26.878471,26.564873,27.0,20.351158,26.721671999999998,24.598167333333333
2006-06-01,26.2,27.352072,25.957405,27.4,24.486603,26.6547385,25.93202666666667
2006-07-01,25.0,24.115284,24.335756,26.2,23.329414,24.22552,23.926817999999997
2006-08-01,25.9,24.456814,24.798077,25.0,20.719345,24.6274455,23.324745333333336
2006-09-01,26.0,26.735651,26.465586,25.9,25.59031,26.6006185,26.263848999999997
2006-10-01,23.7,24.905434,24.975803,26.0,27.201942,24.9406185,25.694393
2006-11-01,21.1,21.401096,21.658546,23.7,23.747131,21.529821,22.26892433333333
2006-12-01,20.2,19.32436,19.547537,21.1,15.653099,19.4359485,18.174998666666664
2007-01-01,19.8,20.143894,19.700813,20.2,15.091515,19.9223535,18.312074
2007-02-01,19.0,18.915066,19.300354,19.8,17.095757,19.107709999999997,18.437058999999998
2007-03-01,17.7,18.303036,17.621887,19.0,15.716988,17.9624615,17.213970333333332
2007-04-01,16.4,16.34164,15.729589,17.7,12.665215,16.0356145,14.912148000000002
2007-05-01,14.4,15.502827,15.207968,16.4,11.403702,15.355397499999999,14.038165666666666
2007-06-01,12.8,12.38771,13.164655,14.4,9.399757,12.7761825,11.650707333333335
2007-07-01,11.6,12.193091,11.300195,12.8,7.956249,11.746643,10.483178333333333
2007-08-01,9.9,10.350733,9.598442,11.6,6.3979874,9.9745875,8.782387466666668
2007-09-01,9.6,8.496314,8.302044,9.9,3.557335,8.399179,6.7852310000000005
2007-10-01,9.9,10.091832,10.131937,9.6,3.484604,10.1118845,7.902791000000001
2007-11-01,9.2,9.445118,9.843104,9.9,4.025959,9.644111,7.771393666666667
2007-12-01,7.9,8.227966,7.776333,9.2,3.771801,8.0021495,6.592033333333333
2008-01-01,6.6,6.6656137,6.7385397,7.9,2.2008286,6.702076699999999,5.201660666666666
2008-02-01,5.6,5.595153,5.544437,6.6,1.8040237,5.569795,4.3145379
2008-03-01,5.1,4.853906,4.7437196,5.6,1.6914635,4.7988128,3.7630297
2008-04-01,5.1,4.797746,4.7657194,5.1,0.5178299,4.7817327,3.3604317666666668
2008-05-01,5.4,5.092595,5.0981283,5.1,1.334343,5.09536165,3.841688766666667
2008-06-01,4.8,5.4895043,5.421629,5.4,3.0470314,5.45556665,4.652721566666666
2008-07-01,4.0,3.7169585,4.1166544,4.8,2.3769226,3.91680645,3.4035118333333334
2008-08-01,3.8,3.5735574,3.5684862,4.0,0.7560196,3.5710218,2.6326877333333334
2008-09-01,3.2,3.6235938,3.3454523,3.8,1.1292229,3.48452305,2.699423
2008-10-01,2.4,2.3674355,2.2755222,3.2,1.4399986,2.32147885,2.0276521
2008-11-01,2.3,1.9111872,1.9739366,2.4,1.0442162,1.9425619,1.6431133333333332
2008-12-01,2.2,2.443059,2.4472451,2.3,1.6437263,2.44515205,2.1780101333333333
2009-01-01,2.5,1.7946761,1.9820492,2.2,1.8064728,1.88836265,1.8610660333333333
2009-02-01,2.7,2.9874158,2.7473738,2.5,1.7323818,2.8673948,2.489057133333333
2009-03-01,2.9,2.384329,2.6451662,2.7,1.827385,2.5147475999999997,2.285626733333333
2009-04-01,3.3,3.1928499,2.764833,2.9,2.1075783,2.97884145,2.6884204
2009-05-01,3.5,3.4608111,3.6057954,3.3,2.2553005,3.53330325,3.107302333333333
2009-06-01,4.1,3.6060472,3.8561733,3.5,2.2514515,3.73111025,3.2378906666666665
2009-07-01,5.5,4.850871,4.8188133,4.1,3.4524117,4.83484215,4.374032
2009-08-01,7.4,6.863016,6.8409824,5.5,5.9067135,6.8519992,6.536903966666666
2009-09-01,9.5,9.081502,8.760678,7.4,8.66316,8.92109,8.835113333333332
2009-10-01,10.9,11.512901,11.327297,9.5,10.570472,11.420099,11.136890000000001
2009-11-01,11.7,12.109376,12.32123,10.9,11.782924,12.215302999999999,12.071176666666666
2009-12-01,12.7,12.930094,12.67375,11.7,12.207611,12.801922000000001,12.603818333333335
2010-01-01,14.0,14.021183,13.804848,12.7,13.227069,13.9130155,13.684366666666667
2010-02-01,16.1,15.405973,15.218531,14.0,15.080018,15.312252,15.234840666666669
2010-03-01,18.5,18.396473,18.068933,16.1,17.991606,18.232703,18.152337333333335
2010-04-01,20.8,20.386845,20.901535,18.5,20.736689,20.644190000000002,20.675023
2010-05-01,23.1,23.01991,23.11198,20.8,22.685835,23.065945,22.939241666666664
2010-06-01,24.6,25.162891,25.375664,23.1,24.745935,25.2692775,25.09483
2010-07-01,25.2,25.746876,25.926216,24.6,25.801237,25.836546,25.824776333333332
2010-08-01,26.4,26.000195,25.867641,25.2,25.728867,25.933918,25.865567666666664
2010-09-01,29.5,28.182491,27.745436,26.4,26.745007,27.9639635,27.557644666666665
2010-10-01,34.5,32.768005,32.381527,29.5,31.015957,32.574766,32.055163
2010-11-01,39.1,39.05823,39.25438,34.5,36.87993,39.156305,38.397513333333336
2010-12-01,42.5,42.410667,43.659843,39.1,42.21338,43.035255,42.76129666666666
2011-01-01,45.7,45.849735,45.930183,42.5,46.320312,45.889959000000005,46.03341
2011-02-01,48.8,49.07448,48.908844,45.7,49.71331,48.991662000000005,49.23221133333334
2011-03-01,53.8,52.033253,51.763103,48.8,52.80002,51.898178,52.198792000000005
2011-04-01,61.1,59.745354,58.523933,53.8,58.592117,59.134643499999996,58.95380133333333
2011-05-01,69.3,67.77481,68.14584,61.1,67.15193,67.96032500000001,67.69086
2011-06-01,77.2,76.92676,77.52772,69.3,76.78392,77.22724,77.07946666666666
2011-07-01,83.6,84.265724,85.56743,77.2,85.57163,84.916577,85.134928
2011-08-01,86.3,89.50183,90.20154,83.6,92.49194,89.851685,90.73177
2011-09-01,86.6,88.31342,89.17697,86.3,94.83954,88.745195,90.77664333333333
2011-10-01,87.4,88.454605,88.02994,86.6,90.77084,88.2422725,89.08512833333333
2011-11-01,89.4,89.46202,89.51156,87.4,89.12566,89.48679,89.36641333333334
2011-12-01,92.5,92.06509,92.007225,89.4,90.819305,92.0361575,91.63054
2012-01-01,95.5,95.49415,95.85059,92.5,95.78256,95.67237,95.70909999999999
2012-02-01,98.1,97.40557,98.40854,95.5,99.849556,97.907055,98.55455533333334
2012-03-01,98.3,100.05051,99.89343,98.1,103.17873,99.97197,101.04088999999999
2012-04-01,95.1,96.52894,97.26612,98.3,100.65251,96.89753,98.14919000000002
2012-05-01,90.9,91.71729,90.9873,95.1,92.779724,91.352295,91.82810466666666
2012-06-01,86.6,87.67881,86.22596,90.9,87.66907,86.95238499999999,87.19128
2012-07-01,84.5,83.45236,82.09666,86.6,84.42788,82.77450999999999,83.32563333333333
2012-08-01,85.1,83.842445,83.64816,84.5,83.23611,83.74530250000001,83.57557166666668
2012-09-01,85.3,85.78535,86.015884,85.1,85.1839,85.900617,85.66171133333334
2012-10-01,85.8,83.804825,83.99348,85.3,85.3235,83.8991525,84.373935
2012-11-01,87.7,85.059044,85.22705,85.8,85.90128,85.143047,85.39579133333332
2012-12-01,88.1,87.408226,88.44938,87.7,88.98869,87.928803,88.28209866666667
2013-01-01,86.8,86.366646,86.702644,88.1,88.690186,86.53464500000001,87.25315866666666
2013-02-01,86.1,85.17737,85.331894,86.8,86.882416,85.254632,85.79722666666667
2013-03-01,84.4,85.90945,86.38631,86.1,86.30849,86.14788,86.20141666666666
2013-04-01,84.3,82.159134,82.868935,84.4,84.352776,82.5140345,83.12694833333333
2013-05-01,87.0,86.26065,85.188034,84.3,84.083206,85.72434200000001,85.17729666666668
2013-06-01,90.9,89.251526,89.9124,87.0,87.42204,89.581963,88.86198866666666
2013-07-01,94.6,93.61213,91.61239,90.9,92.68285,92.61225999999999,92.63579
2013-08-01,99.0,97.013565,95.8352,94.6,97.440285,96.42438250000001,96.76301666666667
2013-09-01,104.6,103.63398,102.07509,99.0,103.514984,102.854535,103.07468466666667
2013-10-01,107.0,110.06151,108.817314,104.6,111.79103,109.439412,110.22328466666666
2013-11-01,106.9,108.69555,109.16936,107.0,112.111725,108.932455,109.99221166666666
2013-12-01,107.6,108.86011,108.0317,106.9,108.150894,108.44590500000001,108.34756800000001
2014-01-01,109.3,109.49371,108.73969,107.6,108.382996,109.1167,108.87213200000001
2014-02-01,110.5,111.6364,110.718346,109.3,110.38736,111.17737299999999,110.91403533333333
2014-03-01,114.3,111.421906,112.08636,110.5,111.01611,111.754133,111.50812533333333
2014-04-01,116.4,119.157616,118.10621,114.3,117.02981,118.631913,118.09787866666666
2014-05-01,115.0,115.19646,117.376854,116.4,120.931885,116.28665699999999,117.83506633333332
2014-06-01,114.1,114.37,113.21874,115.0,117.91357,113.79437,115.16743666666667
2014-07-01,112.6,113.42703,113.65391,114.1,115.47228,113.54047,114.18440666666667
2014-08-01,108.3,111.00634,110.22482,112.6,113.57731,110.61558,111.60282333333333
2014-09-01,101.9,104.45278,102.61011,108.3,104.688705,103.531445,103.91719833333333
2014-10-01,97.3,98.38846,98.01317,101.9,95.19975,98.200815,97.20046
2014-11-01,94.7,95.80656,93.635345,97.3,91.256325,94.72095250000001,93.56607666666667
2014-12-01,92.2,92.29991,90.94876,94.7,90.72015,91.624335,91.32294
2015-01-01,89.3,88.83128,87.87899,92.2,89.20601,88.355135,88.63876
2015-02-01,86.1,85.79073,84.58467,89.3,85.99585,85.1877,85.45708333333334
2015-03-01,82.1,82.81786,81.19955,86.1,83.01632,82.00870499999999,82.34457666666667
2015-04-01,78.9,78.21478,78.29944,82.1,78.3648,78.25711000000001,78.29300666666667
2015-05-01,76.1,76.8973,76.554886,78.9,73.85914,76.72609299999999,75.77044199999999
2015-06-01,72.1,73.34544,72.68694,76.1,70.42227,73.01619,72.15155
2015-07-01,68.3,68.56164,68.00553,72.1,66.1905,68.28358499999999,67.58588999999999
2015-08-01,66.4,65.736885,65.91154,68.3,61.67561,65.8242125,64.441345
2015-09-01,65.9,65.3226,65.28497,66.4,60.611637,65.303785,63.73973566666667
2015-10-01,64.3,65.22205,64.60829,65.9,63.130463,64.91516999999999,64.32026766666665
2015-11-01,61.2,61.911663,61.79724,64.3,61.86173,61.854451499999996,61.85687766666666
2015-12-01,57.8,58.39942,58.169052,61.2,56.066326,58.284236,57.54493266666666
2016-01-01,54.4,55.04767,55.009888,57.8,49.889343,55.028779,53.31563366666666
2016-02-01,52.5,51.67379,51.65657,54.4,44.5696,51.66518,49.29998666666666
2016-03-01,50.4,51.718613,51.08361,52.5,43.686047,51.4011115,48.82942333333333
2016-04-01,47.8,47.83852,47.716015,50.4,42.42018,47.7772675,45.991571666666665
2016-05-01,44.8,46.040855,45.230778,47.8,39.022,45.635816500000004,43.431211
2016-06-01,41.5,41.952736,42.61819,44.8,34.299152,42.285463,39.62335933333333
2016-07-01,38.5,39.086952,38.621937,41.5,29.92603,38.8544445,35.878306333333335
2016-08-01,36.0,36.205788,35.32301,38.5,27.064606,35.764399,32.864467999999995
2016-09-01,33.2,34.174316,33.11757,36.0,25.263988,33.645943,30.851958
2016-10-01,31.5,30.661427,30.491102,33.2,22.248573,30.5762645,27.800367333333337
2016-11-01,29.9,30.8337,30.309093,31.5,22.850132,30.5713965,27.997641666666667
2016-12-01,28.5,27.787836,28.27583,29.9,22.85395,28.031833,26.305871999999997
2017-01-01,27.8,27.678238,26.996284,28.5,22.332573,27.337260999999998,25.669031666666665
2017-02-01,26.5,26.850933,26.75093,27.8,23.143547,26.8009315,25.581803333333337
2017-03-01,25.7,24.89869,24.941023,26.5,23.165741,24.9198565,24.335151333333332
2017-04-01,24.8,25.360956,25.176357,25.7,24.904137,25.2686565,25.14715
2017-05-01,23.3,23.388718,24.047365,24.8,24.116219,23.718041499999998,23.850767333333334
2017-06-01,22.2,22.08546,21.982893,23.3,21.288357,22.0341765,21.785570000000003
2017-07-01,21.0,21.378586,21.426647,22.2,19.707275,21.4026165,20.837502666666666
2017-08-01,19.6,19.752789,19.832703,21.0,18.443554,19.792746,19.343015333333334
2017-09-01,18.3,18.529648,18.386795,19.6,16.639103,18.4582215,17.851848666666665
2017-10-01,16.7,17.251572,17.038269,18.3,15.269749,17.144920499999998,16.51986333333333
2017-11-01,15.4,15.310987,15.1660385,16.7,13.587563,15.238512750000002,14.688196166666666
2017-12-01,15.1,14.691981,14.2214575,15.4,12.854336,14.456719249999999,13.922591500000001
2018-01-01,14.2,15.024046,14.7127,15.1,14.431671,14.868373,14.722805666666666
2018-02-01,12.6,12.834167,13.02994,14.2,14.084106,12.9320535,13.316071
2018-03-01,9.9,11.418725,10.998274,12.6,10.488251,11.2084995,10.968416666666668
2018-04-01,7.8,7.3579826,7.6395464,9.9,5.8668137,7.4987645,6.9547809
2018-05-01,7.5,7.113744,6.3380165,7.8,3.1320038,6.7258802499999994,5.527921433333333
2018-06-01,7.2,7.474024,7.163354,7.5,2.515648,7.318689,5.717675333333333
2018-07-01,7.0,6.4566813,6.366641,7.2,4.236145,6.4116611500000005,5.6864891
2018-08-01,6.7,6.934347,6.5761404,7.0,5.77668,6.755243699999999,6.4290557999999995
2018-09-01,6.5,5.901343,6.2557015,6.7,6.4732285,6.07852225,6.210090999999999
2018-10-01,6.8,6.384082,6.287887,6.5,7.0707016,6.3359845,6.5808902
2018-11-01,6.7,6.838774,6.9387016,6.8,7.475483,6.8887377999999995,7.084319533333333
2018-12-01,6.0,6.263298,6.2830806,6.7,7.291359,6.2731893,6.6125792
2019-01-01,5.4,5.3522224,5.4092927,6.0,6.479828,5.38075755,5.7471143666666675
2019-02-01,5.0,5.0808544,5.3052645,5.4,5.3758125,5.19305945,5.253977133333334
2019-03-01,4.6,4.6602917,4.8942227,5.0,4.556877,4.7772572,4.7037971333333335
2019-04-01,4.3,4.208228,4.05262,4.6,3.966446,4.130424,4.075764666666666
2019-05-01,3.9,4.092435,3.6183982,4.3,3.6955528,3.8554166,3.8021286666666665
2019-06-01,3.7,3.4663587,3.4455538,3.9,3.400257,3.45595625,3.437389833333333
2019-07-01,3.5,3.6940048,3.5540922,3.7,2.89283,3.6240485,3.380309
2019-08-01,3.4,3.1385365,3.313598,3.5,2.868946,3.22606725,3.1070268333333337
2019-09-01,3.1,3.4168243,3.1623454,3.4,2.9037895,3.28958485,3.1609864
2019-10-01,2.6,2.6103308,2.5922832,3.1,2.2766647,2.601307,2.4930929
2019-11-01,2.0,2.2653244,2.2459707,2.6,1.7411957,2.25564755,2.0841636
2019-12-01,1.8,1.4497886,1.6440742,2.0,0.91031265,1.5469314,1.33472515
2020-01-01,2.2,1.9322116,1.6571541,1.8,0.6685715,1.79468285,1.4193124
2020-02-01,2.7,2.504303,2.4456964,2.2,1.3619823,2.4749997,2.1039939000000003
2020-03-01,3.0,2.9133432,2.9210854,2.7,2.1036415,2.9172143,2.646023366666667
2020-04-01,3.6,3.078387,3.1042254,3.0,2.5911026,3.0913062,2.9245716666666666
2020-05-01,5.6,4.13068,4.257642,3.6,3.0032578,4.194160999999999,3.797193266666666
2020-06-01,7.9,6.9546795,6.603309,5.6,6.904646,6.77899425,6.820878166666667
2020-07-01,9.0,9.40398,8.9832535,7.9,10.49297,9.19361675,9.6267345
2020-08-01,9.5,10.056558,9.989109,9.0,10.954444,10.0228335,10.333370333333335
2020-09-01,10.5,10.58889,10.360133,9.5,10.100133,10.474511499999998,10.349718666666666
2020-10-01,11.9,12.09774,11.599619,10.5,10.580788,11.8486795,11.426048999999999
2020-11-01,13.6,13.3282175,13.152586,11.9,12.48815,13.24040175,12.989651166666667
2020-12-01,15.3,15.406425,15.211065,13.6,14.593885,15.308745,15.070458333333335
2021-01-01,17.3,16.69484,16.948467,15.3,16.665243,16.8216535,16.769516666666664
2021-02-01,19.0,19.430607,19.31428,17.3,19.287312,19.3724435,19.344066333333334
2021-03-01,21.7,20.12363,20.725723,19.0,20.932486,20.424676499999997,20.59394633333333
2021-04-01,24.8,25.12822,24.243847,21.7,23.723541,24.6860335,24.365202666666665
2021-05-01,25.8,26.915,27.547974,24.8,26.87393,27.231487,27.112301333333335
2021-06-01,27.6,26.33516,26.745522,25.8,27.162985,26.540340999999998,26.747888999999997
2021-07-01,31.4,30.727139,29.913858,27.6,28.914518,30.3204985,29.851838333333333
2021-08-01,35.4,34.682102,34.992416,31.4,33.170837,34.837259,34.281785000000006
2021-09-01,40.2,38.984947,38.86782,35.4,37.64882,38.9263835,38.500529
2021-10-01,45.2,45.03425,45.220825,40.2,43.065605,45.1275375,44.44022666666667
2021-11-01,50.8,49.392487,50.27226,45.2,48.502457,49.8323735,49.389068
2021-12-01,55.9,56.89055,56.24193,50.8,55.362316,56.56624,56.164932
2022-01-01,60.1,59.977287,61.187775,55.9,62.06022,60.582531,61.075094
2022-02-01,64.7,64.839294,64.4282,60.1,66.35487,64.633747,65.20745466666666
2022-03-01,68.7,69.47186,69.26641,64.7,70.6269,69.369135,69.78839
2022-04-01,73.0,72.27419,72.88855,68.7,74.3004,72.58136999999999,73.15437999999999
2022-05-01,77.4,77.929184,77.7142,73.0,78.36011,77.82169200000001,78.00116466666668
2022-06-01,81.1,80.97332,81.78391,77.4,82.7614,81.378615,81.83954333333332
2022-07-01,86.7,84.731766,84.54592,81.1,86.6956,84.638843,85.32442866666666
2022-08-01,92.6,92.783134,92.173904,86.7,92.88377,92.478519,92.61360266666668
2022-09-01,96.5,96.83714,97.886024,92.6,98.7805,97.361582,97.83455466666668
2022-10-01,98.9,99.98299,99.89114,96.5,102.00308,99.93706499999999,100.62573666666667
2022-11-01,101.2,101.07182,101.586,98.9,103.67243,101.32891000000001,102.11008333333335
2022-12-01,106.7,104.133995,103.82883,101.2,106.2101,103.9814125,104.72430833333334
2023-01-01,113.3,113.16149,111.84296,106.7,112.56946,112.50222500000001,112.52463666666667
2023-02-01,117.8,118.04239,119.26909,113.3,120.22052,118.65574000000001,119.17733333333335
2023-03-01,121.1,121.4906,121.92502,117.8,124.87013,121.70781,122.76191666666666
2023-04-01,122.9,124.208534,124.60246,121.1,128.0077,124.405497,125.60623133333333
2023-05-01,124.2,124.30022,124.94736,122.9,129.61644,124.62379,126.28800666666666
2023-06-01,125.3,126.44423,125.86819,124.2,129.90085,126.15621,127.40442333333333
2023-07-01,124.6,126.26764,126.46397,125.3,130.02286,126.365805,127.58482333333332
2023-08-01,124.3,123.91542,124.12834,124.6,127.606995,124.02188,125.21691833333334
2023-09-01,124.0,125.09866,124.98778,124.3,126.61565,125.04321999999999,125.56736333333333
2023-10-01,124.8,122.95832,124.33263,124.0,125.74733,123.645475,124.34609333333333
2023-11-01,127.9,126.32971,125.216225,124.8,127.239624,125.7729675,126.26185299999999
2023-12-01,129.5,130.21732,130.07321,127.9,131.56927,130.145265,130.6199333333333
2024-01-01,131.2,129.0066,129.57579,129.5,132.50786,129.29119500000002,130.36341666666667
2024-02-01,136.9,133.9328,132.62029,131.2,134.22618,133.276545,133.59309
2024-03-01,141.4,143.09976,142.68312,136.9,141.35287,142.89144,142.37858333333332
2024-04-01,144.4,143.66673,144.91878,141.4,145.12798,144.292755,144.57116333333332
2024-05-01,149.1,149.11765,147.65948,144.4,147.10059,148.388565,147.95924
2024-06-01,152.8,154.32881,154.40372,149.1,152.67184,154.366265,153.80145666666667
2024-07-01,155.0,155.8967,156.2252,152.8,156.8291,156.06095,156.317
2024-08-01,156.8,157.9948,157.8283,155.0,158.43489,157.91155,158.08599666666666
2024-09-01,159.4,158.73715,159.33548,156.8,159.9291,159.036315,159.33391
2024-10-01,160.9,162.74408,161.59818,159.4,162.89056,162.17113,162.41094
2024-11-01,157.2,161.32008,162.54605,160.9,163.87793,161.933065,162.58135333333334
2024-12-01,151.2,153.19264,154.74344,157.2,159.2702,153.96804,155.73542666666665
2025-01-01,146.2,147.63896,146.02213,151.2,150.24731,146.830545,147.96946666666668
2025-02-01,139.8,142.69617,141.29906,146.2,142.9006,141.997615,142.29861
2025-03-01,135.9,134.38759,133.38774,139.8,135.13878,133.887665,134.30470333333332
