Model,RMSE,MAE,MSE,R2,MAPE,train_seconds,selected_on_val
ResidualLSTM (Proposed),1.298107067529775,0.918290376663208,1.685081958770752,0.9995512962341309,2.249711751937866,,
Proposed (LSTM+PatchTST),1.2988426723956228,0.9339061379432678,1.6869922876358032,0.999550759792328,2.2323904037475586,,Average
BiLSTM,1.3242985074040696,0.954719066619873,1.7537665367126465,0.9995329976081848,2.3849339485168457,51.2,
GRU,1.3303802191981309,0.9553818702697754,1.769911527633667,0.999528706073761,2.346813678741455,50.8,
LSTM,1.3485326598572012,0.9620746970176696,1.818540334701538,0.9995157122612,2.3304662704467773,24.2,
PatchTST,1.3589354056416894,0.9909451603889464,1.846705436706543,0.999508261680603,2.3178226947784424,56.6,
SSN-Hybrid (proposed),1.422464940019513,0.9886866211891174,2.023406505584717,0.9994611740112304,2.44933819770813,,
RNN,1.4312534615420665,1.024993062019348,2.0484864711761475,0.9994544982910156,2.5620453357696533,15.3,
CNN1D,1.5582577909767203,1.0784928798675537,2.4281673431396484,0.9993534088134766,2.706705570220948,13.5,
Naive Persistence,3.640574573609664,2.7672033309936523,13.253783226013184,0.9964706301689148,5.84141731262207,,
