date,actual,direct_forecast
2002-05-01,73.8,81.21999
2002-06-01,71.8,79.27306
2002-07-01,69.4,76.482124
2002-08-01,67.2,75.814545
2002-09-01,65.0,72.940796
2002-10-01,62.2,73.08637
2002-11-01,58.1,71.171326
2002-12-01,55.3,70.10647
2003-01-01,53.6,68.53631
2003-02-01,51.7,66.762794
2003-03-01,49.7,64.38908
2003-04-01,48.0,61.626842
2003-05-01,46.8,61.222057
2003-06-01,46.2,60.81754
2003-07-01,45.1,58.40097
2003-08-01,43.6,56.96454
2003-09-01,41.2,54.593616
2003-10-01,38.1,51.823914
2003-11-01,34.7,49.67654
2003-12-01,31.2,49.106144
2004-01-01,27.9,45.276295
2004-02-01,25.5,43.47405
2004-03-01,24.1,42.11128
2004-04-01,23.3,39.0284
2004-05-01,23.0,39.405598
2004-06-01,22.9,36.17238
2004-07-01,23.2,35.677525
2004-08-01,23.3,34.521717
2004-09-01,22.9,33.16059
2004-10-01,22.3,31.084814
2004-11-01,21.5,28.145996
2004-12-01,20.2,29.1585
2005-01-01,19.2,26.684008
2005-02-01,18.4,24.176111
2005-03-01,18.1,22.724426
2005-04-01,17.9,22.936722
2005-05-01,17.4,22.534681
2005-06-01,17.4,19.86339
2005-07-01,17.3,19.934988
2005-08-01,16.6,19.592735
2005-09-01,15.5,17.96051
2005-10-01,13.9,17.468414
2005-11-01,12.4,19.572393
2005-12-01,10.7,16.900244
2006-01-01,9.0,15.838303
2006-02-01,7.3,15.254622
2006-03-01,6.0,16.139524
2006-04-01,5.4,16.24823
2006-05-01,4.8,17.148706
2006-06-01,4.2,17.984758
2006-07-01,3.5,17.199663
2006-08-01,3.3,16.78269
2006-09-01,3.1,19.335411
2006-10-01,3.0,17.25049
2006-11-01,3.0,17.318441
2006-12-01,2.8,17.848013
2007-01-01,2.8,19.71364
2007-02-01,2.7,19.313383
2007-03-01,2.6,20.630556
2007-04-01,2.4,23.486067
2007-05-01,2.2,22.693304
2007-06-01,1.9,22.655859
2007-07-01,1.5,24.883287
2007-08-01,1.2,22.306734
2007-09-01,1.1,26.942987
2007-10-01,0.9,25.014166
2007-11-01,0.8,27.97303
2007-12-01,0.6,30.181442
2008-01-01,0.6,31.603281
2008-02-01,0.6,33.192066
2008-03-01,0.6,35.301743
2008-04-01,0.7,36.462074
2008-05-01,0.9,37.408314
2008-06-01,1.0,36.999847
2008-07-01,1.2,40.9668
2008-08-01,1.3,42.354805
2008-09-01,1.5,43.666824
2008-10-01,1.5,45.10545
2008-11-01,1.6,49.068905
2008-12-01,1.6,49.3642
2009-01-01,1.6,49.757923
2009-02-01,1.5,53.360462
2009-03-01,1.5,55.906086
2009-04-01,1.6,57.66997
2009-05-01,1.9,58.725025
2009-06-01,2.3,62.621227
2009-07-01,3.1,62.752354
2009-08-01,4.3,64.88908
2009-09-01,5.7,64.3712
2009-10-01,7.1,66.97991
2009-11-01,8.4,67.79953
2009-12-01,9.4,71.3243
2010-01-01,10.4,72.15431
2010-02-01,11.4,73.88709
2010-03-01,12.2,76.6797
2010-04-01,13.0,77.988945
2010-05-01,13.7,77.66419
2010-06-01,14.7,79.20212
2010-07-01,15.7,82.03411
2010-08-01,16.9,82.608284
2010-09-01,18.8,85.54612
2010-10-01,21.6,86.726524
2010-11-01,24.6,85.91715
2010-12-01,27.5,86.76099
2011-01-01,30.7,87.72818
2011-02-01,33.9,88.35113
2011-03-01,38.0,86.83726
2011-04-01,42.7,87.38265
2011-05-01,48.0,89.625755
2011-06-01,53.0,87.92094
2011-07-01,57.9,87.86743
2011-08-01,61.7,86.41836
2011-09-01,64.2,87.24753
2011-10-01,65.0,85.838844
2011-11-01,64.8,87.72355
2011-12-01,63.4,86.54804
2012-01-01,60.3,85.97229
2012-02-01,56.5,82.04667
2012-03-01,52.3,84.07867
2012-04-01,47.9,80.133385
2012-05-01,44.9,83.82304
2012-06-01,42.7,79.80567
2012-07-01,42.4,78.09237
2012-08-01,42.4,77.45132
2012-09-01,43.2,76.26647
2012-10-01,44.2,75.65881
2012-11-01,45.7,73.70689
2012-12-01,46.5,74.23898
2013-01-01,46.9,71.36611
2013-02-01,46.7,69.76636
2013-03-01,45.3,68.99229
2013-04-01,43.8,66.50889
2013-05-01,41.5,66.93283
2013-06-01,38.7,64.40041
2013-07-01,36.0,64.167015
2013-08-01,33.6,63.39624
2013-09-01,32.2,61.098713
2013-10-01,31.4,59.419495
2013-11-01,31.0,58.5833
2013-12-01,31.5,57.125317
2014-01-01,32.8,54.189053
2014-02-01,34.5,53.59569
2014-03-01,36.0,49.13219
2014-04-01,37.1,48.688324
2014-05-01,37.8,48.00319
2014-06-01,38.5,46.17864
2014-07-01,38.6,44.957108
2014-08-01,38.5,43.975285
2014-09-01,37.8,44.159775
2014-10-01,37.1,41.94915
2014-11-01,36.7,40.752716
2014-12-01,36.7,39.046623
2015-01-01,36.7,38.95285
2015-02-01,36.6,37.006195
2015-03-01,36.4,36.932415
2015-04-01,36.5,35.25126
2015-05-01,37.1,35.087856
