date,actual,Naive Persistence,LSTM,GRU,RNN,BiLSTM,CNN1D,PatchTST,Proposed (LSTM+PatchTST),SSN-Hybrid (proposed),SSN-Hybrid_seed42,SSN-Hybrid_seed123,SSN-Hybrid_seed2024,ResidualLSTM (Proposed),ResidualLSTM_seed42,ResidualLSTM_seed123,ResidualLSTM_seed2024
1983-11-01,89.7,92.0,89.8575,89.30504,88.32389,89.74859,89.98415,88.9568,89.40715,89.92499,89.79768,89.83184,90.14544,89.41987,89.38474,89.78667,89.088196
1983-12-01,85.5,89.7,86.672,86.29521,85.999435,86.65682,85.711754,86.55196,86.611984,86.72268,86.07926,86.8412,87.24755,86.33756,86.501205,86.14329,86.36821
1984-01-01,80.5,85.5,81.151054,80.79814,80.25292,81.18781,80.46626,81.85004,81.50055,80.98893,80.95828,81.138084,80.87041,81.27149,81.571014,81.21991,81.02357
1984-02-01,75.8,80.5,76.49982,76.58003,75.60733,76.50413,76.278564,77.348915,76.92436,75.90686,76.145454,76.185684,75.389435,76.74651,76.52455,77.07129,76.64371
1984-03-01,71.2,75.8,72.039185,72.3534,71.745514,72.022675,71.927124,73.27869,72.658936,71.950584,72.37204,71.978264,71.50143,71.819435,71.75705,72.04643,71.654816
1984-04-01,66.8,71.2,67.46956,67.78617,67.016655,67.254295,67.59897,67.08217,67.27586,66.852455,67.28032,66.85347,66.42358,66.96256,67.02763,67.21238,66.647675
1984-05-01,63.5,66.8,63.41919,63.46833,63.322723,63.121456,63.828854,62.99201,63.205597,63.142925,63.20085,63.398964,62.828964,63.610798,63.3937,63.402084,64.03662
1984-06-01,61.7,63.5,60.99537,60.90731,61.318024,60.861847,62.305458,61.965088,61.48023,61.66728,61.304104,61.786003,61.911736,61.710125,61.56427,61.35915,62.206947
1984-07-01,58.3,61.7,59.911285,59.825745,59.954044,60.005028,59.249256,60.20462,60.057953,59.555706,59.790306,59.06938,59.807434,59.855,60.02038,59.986176,59.55845
1984-08-01,52.2,58.3,53.72483,53.66625,53.794495,53.864388,53.065872,52.79706,53.260944,53.02833,53.38288,52.958332,52.743767,53.11331,53.107845,53.672844,52.55925
1984-09-01,44.3,52.2,46.686962,46.726906,46.640625,46.863014,45.944492,45.827576,46.25727,45.49722,45.33793,45.4476,45.706123,46.203693,46.193546,46.43136,45.98617
1984-10-01,37.2,44.3,37.65229,37.86189,38.37161,37.89907,38.25628,38.502308,38.0773,37.656826,37.641342,37.846943,37.48219,37.669025,37.828728,37.486565,37.69179
1984-11-01,31.6,37.2,32.650146,32.75563,32.588024,32.5614,32.08738,33.030266,32.840206,32.2076,32.113197,32.550068,31.959526,32.718155,32.76506,32.60677,32.78264
1984-12-01,27.4,31.6,27.194466,27.124104,27.525429,26.908417,27.663898,28.266495,27.73048,27.431961,27.2808,27.577194,27.437885,27.406233,27.343174,27.204994,27.670528
1985-01-01,25.2,27.4,24.353245,24.11237,24.771572,23.977741,23.945976,24.672081,24.512663,23.90177,23.625443,24.080902,23.998959,24.511145,24.633446,24.317757,24.582226
1985-02-01,23.5,25.2,23.319942,22.937908,23.28566,23.051765,23.184101,23.705994,23.512968,23.40328,23.129578,23.657269,23.422993,23.413553,23.504185,23.069328,23.667145
1985-03-01,21.7,23.5,20.951954,20.69659,21.48305,20.858852,21.314236,21.757486,21.354721,21.708923,21.305653,21.992886,21.82823,21.348135,21.460285,21.11722,21.466892
1985-04-01,21.3,21.7,19.678068,19.306892,19.28475,19.567005,18.937082,20.177643,19.927856,19.899263,19.168228,20.235558,20.294006,19.678976,19.787922,19.6129,19.636108
1985-05-01,21.4,21.3,20.76874,20.468304,20.217896,20.760805,19.82234,20.58023,20.674484,20.781649,20.027822,21.43816,20.87897,20.514153,20.718437,20.541727,20.282293
1985-06-01,20.8,21.4,20.62575,20.198187,19.99591,20.306314,19.722538,20.463367,20.54456,20.33541,20.047295,20.644522,20.314411,20.326818,20.39679,20.349009,20.234661
1985-07-01,19.9,20.8,19.950193,19.46442,19.238857,19.466017,19.625196,20.677462,20.313828,19.86264,19.535942,19.829363,20.222616,19.96625,20.049463,19.916576,19.93271
1985-08-01,19.6,19.9,19.140617,18.786507,18.43605,18.585896,19.906452,20.455528,19.798073,19.850023,19.540936,19.41071,20.598423,19.31529,19.481071,19.150272,19.314526
1985-09-01,19.8,19.6,19.795496,19.45908,18.779976,19.187943,20.35355,20.498512,20.147003,20.29834,20.207808,20.096905,20.590311,19.700811,19.892467,19.742437,19.467527
1985-10-01,19.7,19.8,19.972685,19.810095,19.068226,19.44451,20.637405,20.392616,20.182652,20.48319,20.547771,20.47353,20.428268,19.894072,19.979746,20.165707,19.536758
1985-11-01,19.1,19.7,19.492308,19.424213,18.729748,19.067783,20.643707,19.739193,19.61575,19.80596,19.959888,19.726624,19.731363,19.31389,19.42427,19.59346,18.923943
1985-12-01,17.3,19.1,18.538464,18.517769,18.123165,18.267014,19.173935,18.636623,18.587543,18.618927,18.826332,18.46645,18.564,18.179329,18.366095,18.398685,17.77321
1986-01-01,15.2,17.3,15.298016,15.455661,15.288032,15.284393,15.597107,15.010326,15.154171,15.036542,15.342345,15.0223055,14.744975,15.190047,15.34679,15.342588,14.880763
1986-02-01,14.3,15.2,13.95805,14.107275,14.034868,13.975973,13.613142,13.853634,13.905842,13.5219145,13.520293,13.56706,13.478388,13.906308,13.8590355,13.99464,13.865249
1986-03-01,14.3,14.3,13.997103,14.004015,13.71866,14.012717,13.810327,13.943945,13.970524,14.00133,14.040192,13.982552,13.981247,13.913826,13.882532,13.962971,13.895973
1986-04-01,15.1,14.3,14.164803,14.127739,14.186314,14.081404,14.085856,13.787478,13.976141,13.93327,13.923838,13.896503,13.979471,14.078563,14.007801,14.189121,14.038766
1986-05-01,15.8,15.1,15.721739,15.622559,15.312055,15.7599325,15.7100525,15.531387,15.626563,15.725297,15.439894,15.934938,15.80106,15.740344,15.717684,15.65648,15.846865
1986-06-01,15.2,15.8,15.628162,15.591968,15.604065,15.677541,16.372492,15.968178,15.79817,16.211184,15.964709,16.54203,16.126808,15.77359,15.689718,15.681697,15.949356
1986-07-01,15.1,15.2,14.157539,14.035167,14.199135,14.188352,14.575533,14.412232,14.284885,14.189158,14.100674,14.238755,14.2280445,14.245681,14.357435,14.205964,14.173642
1986-08-01,14.4,15.1,15.477167,15.381167,15.061235,15.546653,14.715635,15.159513,15.31834,15.067567,14.809557,15.149393,15.243752,15.397469,15.321293,15.451195,15.419917
1986-09-01,13.5,14.4,12.845724,12.759375,12.898779,12.890674,13.865034,13.082623,12.964173,13.060523,13.315996,12.8931675,12.9724045,12.98173,13.005311,12.965029,12.97485
1986-10-01,14.7,13.5,13.37997,13.317268,13.095652,13.344221,12.491236,13.079926,13.229948,12.530082,12.45515,12.629725,12.505369,13.156472,13.099836,13.263709,13.105874
1986-11-01,16.6,14.7,16.13633,16.027538,15.16627,16.088398,15.415748,17.131737,16.634033,15.889651,15.644464,15.86959,16.154898,16.531342,16.682323,16.101034,16.81067
1986-12-01,18.3,16.6,17.612555,17.557049,17.06337,17.395866,17.25773,18.56065,18.086601,18.15405,17.889736,18.30399,18.268425,17.993513,17.925882,17.862917,18.191736
1987-01-01,19.9,18.3,19.652489,19.725927,18.960545,19.559464,19.046669,19.872198,19.762344,19.174017,18.94911,19.28152,19.291418,19.829754,19.947424,19.80466,19.737179
1987-02-01,22.3,19.9,21.354366,21.091974,20.895506,20.891869,20.9646,20.900597,21.127481,21.157412,20.874311,21.077068,21.520859,20.99831,20.980673,21.226477,20.78778
1987-03-01,25.5,22.3,25.075294,25.006638,24.054266,24.781254,24.32038,24.415947,24.74562,24.558004,24.502296,24.687405,24.484314,24.809942,24.935326,24.949032,24.545467
1987-04-01,28.0,25.5,28.421322,28.231943,28.123482,28.115894,28.539627,28.5439,28.48261,28.634125,28.501184,28.882504,28.518684,28.508774,28.455296,28.784771,28.286251
1987-05-01,30.3,28.0,30.373226,30.147818,30.370926,30.093136,29.831894,30.712345,30.542786,30.327131,30.166359,30.252779,30.562256,30.502768,30.48331,30.604376,30.420616
1987-06-01,32.7,30.3,33.110485,32.954617,33.048412,32.99625,32.816055,33.129246,33.119865,32.962093,32.8111,32.924473,33.150703,33.334835,33.496685,33.31173,33.1961
1987-07-01,36.2,32.7,35.03785,34.9322,34.99654,34.998905,34.980556,35.341995,35.189922,35.433273,35.54531,35.321777,35.432735,35.4212,35.486828,35.40266,35.374107
1987-08-01,40.5,36.2,40.1505,40.16137,39.78215,40.05019,40.013638,40.350037,40.250267,40.30624,40.146286,40.302616,40.469826,40.71063,40.839832,40.619625,40.672432
1987-09-01,45.3,40.5,43.984497,44.01436,44.290764,44.051476,44.736748,44.74872,44.366608,44.768112,45.024498,44.675365,44.604473,44.477894,44.736027,44.49659,44.201073
1987-10-01,51.0,45.3,50.09359,50.06903,50.174637,49.877678,49.78332,49.73678,49.915184,49.704975,49.8349,49.762657,49.51738,50.11487,50.484253,50.20105,49.659294
1987-11-01,55.1,51.0,56.139244,56.116695,56.707863,56.037697,56.818413,56.676643,56.407944,56.596294,56.585835,56.662693,56.540344,56.469803,56.75431,56.482033,56.17307
1987-12-01,60.9,55.1,57.877777,57.84547,58.380535,57.949028,58.527122,58.821747,58.349762,58.575443,58.849052,58.559067,58.318214,58.143173,58.25455,58.26846,57.90651
1988-01-01,69.2,60.9,68.396255,68.392815,67.81619,68.229355,67.75216,67.58062,67.988434,67.42823,66.99614,67.71673,67.57182,68.47827,68.979324,68.6094,67.8461
1988-02-01,76.9,69.2,75.90822,75.995834,76.49266,75.96849,77.393486,76.9552,76.43171,77.34004,77.62062,77.267746,77.13176,76.30218,76.59982,76.49618,75.81051
1988-03-01,84.9,76.9,83.85317,83.814316,84.42059,83.67894,83.58806,83.775314,83.81424,83.589,83.60123,83.67241,83.493355,84.080635,84.537285,84.282555,83.422066
1988-04-01,93.0,84.9,92.693756,92.70268,93.66602,92.74515,93.56414,93.50033,93.097046,93.194725,92.96077,93.28714,93.33627,93.35144,93.833496,93.36262,92.858215
1988-05-01,101.4,93.0,100.16046,100.166214,100.75433,100.22678,101.115906,101.16492,100.66269,100.98905,101.32055,100.86505,100.78157,100.538635,100.98332,100.575485,100.05711
1988-06-01,114.3,101.4,109.70363,109.71646,110.443,109.71397,109.99449,110.17294,109.938286,109.721985,109.72542,109.97415,109.466385,110.28147,110.841675,110.43703,109.56572
1988-07-01,128.5,114.3,127.802475,127.96629,127.522934,127.68803,128.36673,127.68341,127.74294,128.0718,127.770706,128.4152,128.0295,128.46461,129.25888,128.6632,127.47177
1988-08-01,141.1,128.5,139.49045,139.49802,141.01091,139.40253,141.71713,141.28598,140.38821,141.28873,141.75925,141.0673,141.03964,140.19456,140.69823,140.4016,139.48386
1988-09-01,151.2,141.1,153.13025,153.09833,154.51767,153.07274,152.81323,153.21997,153.17511,152.61086,152.67714,152.92657,152.2289,153.5915,154.58884,153.83261,152.35306
1988-10-01,156.9,151.2,159.35678,159.29787,160.28188,159.52153,161.04834,161.8656,160.61119,160.99533,161.21793,161.0554,160.71268,160.18495,160.435,160.33575,159.78413
1988-11-01,164.4,156.9,161.88036,161.80731,161.04611,162.16125,162.67819,163.96936,162.92487,162.43864,163.26814,162.17578,161.87204,162.24794,162.78339,162.42197,161.53845
1988-12-01,176.1,164.4,174.0513,174.17572,173.81586,174.41638,173.3269,173.78722,173.91925,173.05682,173.30478,173.40488,172.46082,174.51295,175.12769,174.88492,173.52626
1989-01-01,184.8,176.1,186.26036,186.54768,186.57315,186.5524,187.29285,186.98016,186.62027,187.36462,188.03699,187.22266,186.8342,186.99263,187.14053,187.22139,186.61594
1989-02-01,190.7,184.8,190.1177,189.98605,190.6188,190.39417,190.56189,191.66428,190.89099,191.05757,191.82375,190.75443,190.59457,190.92632,191.05615,191.15344,190.56934
1989-03-01,198.0,190.7,196.54202,196.62593,196.65985,196.9081,195.79591,197.2821,196.91206,196.73497,196.67236,196.75285,196.77965,197.32137,197.54552,197.28194,197.13666
1989-04-01,203.8,198.0,204.7462,204.7753,204.55127,204.95255,205.8114,206.07327,205.40973,206.00713,206.41415,205.51077,206.0964,205.4165,205.61829,205.15494,205.47627
1989-05-01,209.5,203.8,207.31085,207.08055,205.70265,207.66504,206.86002,208.19385,207.75235,208.10268,209.3111,207.64844,207.34851,207.70268,207.92744,208.20879,206.97183
1989-06-01,212.1,209.5,215.78505,215.81563,215.46906,215.90303,212.57571,214.03096,214.908,214.19739,214.52945,214.19048,213.87228,215.69026,215.7098,216.48131,214.87968
1989-07-01,212.0,212.1,211.05336,211.08447,209.85487,211.35237,210.54553,212.53983,211.7966,212.49579,214.0697,210.97165,212.44601,210.84929,210.39543,211.29776,210.8547
1989-08-01,211.1,212.0,213.32573,213.28058,213.04851,213.82956,209.91298,212.55408,212.93991,211.82039,212.38167,211.25108,211.82845,213.3586,213.73734,213.31483,213.02364
1989-09-01,210.5,211.1,208.8579,209.0372,208.95834,209.43776,210.29521,212.24739,210.55264,211.3122,211.77422,211.13474,211.02765,210.02802,209.51445,209.89133,210.67828
1989-10-01,212.4,210.5,210.86124,210.9044,211.0572,211.65825,209.20862,211.17651,211.01888,210.37352,210.60619,210.6893,209.82507,211.33003,211.60202,211.13026,211.25778
1989-11-01,212.5,212.4,213.72012,214.18109,213.17967,214.42384,212.09581,213.1286,213.42436,212.96135,213.53812,213.3564,211.9895,213.87598,213.74431,214.15161,213.73203
1989-12-01,206.2,212.5,209.70583,209.89894,209.44344,210.31772,209.88979,209.09648,209.40115,209.93004,211.067,209.61826,209.10484,209.98552,209.4984,210.39317,210.06497
1990-01-01,201.2,206.2,197.71605,198.15807,197.16443,198.29114,203.04497,199.40143,198.55875,200.70097,201.13197,200.81505,200.1559,198.68513,198.34206,198.59909,199.11423
1990-02-01,202.4,201.2,198.38887,199.93378,199.75906,199.98325,198.1502,198.77716,198.58301,195.57622,195.9642,196.50414,194.26031,199.0215,199.23361,198.70494,199.12598
1990-03-01,200.9,202.4,204.08246,204.2582,204.28062,204.38008,198.0204,203.23816,203.66031,200.43785,199.46974,202.69756,199.14622,203.99347,203.08992,204.23169,204.65881
1990-04-01,198.1,200.9,195.183,194.66762,195.0624,195.4016,197.69139,197.33484,196.25891,198.75934,198.0262,199.74818,198.50363,195.99574,195.99567,196.03233,195.95924
1990-05-01,195.1,198.1,195.62346,196.63596,196.7244,197.04848,193.56087,195.75336,195.68842,194.123,193.75647,194.57744,194.03513,196.34404,196.39122,195.7674,196.8735
1990-06-01,192.0,195.1,190.54684,190.68176,191.2768,191.4671,191.40314,192.37337,191.46011,191.62244,192.10985,191.40396,191.35352,190.5249,190.37915,190.1227,191.07286
1990-07-01,190.1,192.0,190.0805,190.23723,190.22723,190.37471,190.29144,190.42538,190.25294,189.19708,188.87418,189.41005,189.30702,190.5102,190.3377,190.60597,190.58693
1990-08-01,191.6,190.1,188.25052,188.05075,188.02547,188.44978,188.1614,189.36978,188.81015,188.46973,188.386,188.41197,188.61118,188.47406,188.25441,188.58414,188.5836
1990-09-01,194.6,191.6,193.6531,193.52882,192.81595,193.76999,190.93655,192.14413,192.89862,192.11989,191.8284,192.43411,192.09718,193.06075,193.34505,193.08754,192.74965
1990-10-01,195.2,194.6,195.55913,195.1942,193.96103,195.4875,193.85603,194.92589,195.24251,194.69087,194.52208,195.2791,194.27147,194.90779,194.74353,194.90282,195.07704
1990-11-01,195.2,195.2,194.45752,194.17328,193.98474,194.30766,194.92447,194.85133,194.65442,194.52222,194.15184,194.57777,194.837,195.34692,195.17163,195.08359,195.78557
1990-12-01,197.8,195.2,195.56532,195.06621,194.50562,195.2253,195.69041,196.97356,196.26944,195.91762,195.058,196.17958,196.51529,195.81459,195.73808,195.48773,196.21797
1991-01-01,202.8,197.8,200.6967,200.35696,199.40186,200.52617,196.03897,199.45667,200.07669,198.57448,198.21927,199.0617,198.44249,200.39922,200.50029,200.82971,199.86758
1991-02-01,204.4,202.8,207.00508,206.41354,204.847,206.36807,201.44666,207.42435,207.21472,206.9022,206.56088,206.75328,207.39246,206.84251,206.3868,206.92131,207.21944
1991-03-01,203.9,204.4,204.22896,202.87654,204.44902,203.1866,204.79143,206.51686,205.37291,206.45703,206.86313,207.05469,205.45331,204.44202,204.6266,204.53107,204.1684
1991-04-01,203.8,203.9,205.66028,205.07391,203.77448,204.99228,207.5229,204.70946,205.18488,204.13664,204.38045,204.7345,203.29498,204.7046,205.39389,204.89983,203.82014
1991-05-01,202.9,203.8,204.15558,203.47285,204.69492,203.8054,203.99023,204.57089,204.36324,204.85588,204.51978,204.9454,205.10248,204.64525,204.51117,204.78105,204.6435
1991-06-01,202.8,202.9,202.54384,202.29324,202.00073,202.40868,202.02783,202.34543,202.44464,202.41046,202.39316,202.49452,202.34369,203.22131,203.17027,203.17444,203.31924
1991-07-01,203.5,202.8,203.46806,203.38168,203.52773,203.42496,202.27872,202.92424,203.19615,202.7809,203.09607,202.79982,202.44682,203.63745,203.56636,203.79077,203.55527
1991-08-01,203.3,203.5,203.79245,203.79893,203.80017,203.76422,202.91762,202.48465,203.13855,203.2738,204.00906,203.29172,202.5206,203.34096,203.44728,203.38947,203.18616
1991-09-01,200.9,203.3,202.4783,202.37523,202.47536,202.4802,202.54274,202.1186,202.29846,202.35445,202.6784,202.47351,201.91144,202.6892,202.46268,202.68196,202.92293
1991-10-01,196.7,200.9,197.77913,197.86377,197.5715,197.90108,199.972,199.14038,198.45975,199.27661,199.65575,199.65887,198.5152,198.43361,198.23888,198.36667,198.69533
1991-11-01,191.4,196.7,193.60979,193.48213,193.35094,193.29294,193.64307,193.00882,193.3093,193.91913,194.32396,193.84967,193.58376,193.63997,194.04735,193.64607,193.2265
1991-12-01,183.1,191.4,188.17848,187.68387,187.63213,187.58449,185.96942,185.52484,186.85165,186.91374,188.01035,187.34103,185.38985,187.316,187.48283,187.97748,186.48767
1992-01-01,172.6,183.1,177.62633,177.03477,177.08786,177.26852,176.63599,175.39142,176.50888,176.21596,177.17813,176.841,174.62875,176.51488,175.6158,177.5669,176.36194
1992-02-01,161.1,172.6,165.98648,166.13065,165.50484,166.02672,165.83992,166.68756,166.33702,163.60599,164.06744,163.73413,163.01639,165.39046,164.73865,165.7915,165.64125
1992-03-01,151.8,161.1,152.95648,153.03409,152.33838,153.0831,153.8804,153.42674,153.19162,151.50146,152.49352,151.31642,150.69446,152.6403,152.46284,152.64539,152.81271
1992-04-01,146.0,151.8,145.57285,145.86784,145.0154,145.7751,146.53789,144.94887,145.26086,144.54997,144.9429,144.59334,144.11366,145.66972,145.44107,145.44711,146.12097
1992-05-01,142.1,146.0,140.6315,140.68546,140.49728,141.0814,142.66202,140.93127,140.78139,140.86252,140.87904,140.93506,140.77347,140.98369,140.82642,140.76694,141.35773
1992-06-01,137.1,142.1,137.56123,137.44061,137.01186,137.99347,138.39384,137.11584,137.33853,137.0312,136.7794,137.11713,137.19707,137.69698,137.73993,137.72093,137.63005
1992-07-01,128.5,137.1,130.71935,130.41232,129.88837,131.07214,131.9949,130.79803,130.7587,130.55135,130.24507,130.50217,130.90681,130.48018,130.38126,130.52818,130.53114
1992-08-01,119.3,128.5,119.57254,119.52762,119.97084,119.94301,120.99214,120.3383,119.95542,119.19291,118.78224,119.135155,119.661354,119.70988,119.8285,119.67287,119.62828
1992-09-01,113.0,119.3,112.30604,112.24437,111.95983,112.44784,112.29164,113.125465,112.71575,111.103546,110.796524,111.24483,111.26929,112.05602,112.117195,112.02783,112.02304
1992-10-01,109.0,113.0,108.37099,108.29867,108.21086,108.31799,107.446075,109.28697,108.82898,107.48814,107.38243,107.76578,107.31621,108.22992,108.282455,108.29112,108.116165
1992-11-01,106.3,109.0,105.60437,105.27255,105.12659,105.01288,104.72177,106.68431,106.14434,104.517494,104.13082,104.82024,104.60143,105.42099,105.34157,105.42582,105.495575
1992-12-01,104.5,106.3,103.88846,103.4377,103.582985,103.27733,103.06697,105.59708,104.74277,103.71209,103.18291,104.21257,103.74078,104.015724,104.163666,103.70763,104.1759
1993-01-01,101.9,104.5,102.46757,102.084946,102.20567,101.91,103.30505,104.186676,103.32712,103.33911,102.74776,103.815,103.45458,102.82904,103.08215,102.36265,103.04234
1993-02-01,99.3,101.9,98.62637,98.26239,98.62845,98.167175,99.195786,100.196,99.41119,99.47635,98.941925,99.65698,99.83014,98.94309,99.28421,98.79251,98.75256
1993-03-01,95.4,99.3,97.18288,96.8972,96.45453,96.88102,95.853836,97.5274,97.35513,96.82804,96.34594,96.90897,97.22923,97.05312,97.32576,97.31101,96.52257
1993-04-01,90.2,95.4,90.8239,90.70187,90.45398,90.51507,90.73902,91.32578,91.074844,90.60032,90.72124,90.58441,90.495316,90.360756,90.56342,90.70751,89.81134
1993-05-01,84.2,90.2,86.25217,86.190346,85.56498,85.92366,84.70683,85.98336,86.11777,84.56024,84.70055,84.86252,84.11765,85.57949,85.70035,85.96687,85.07124
1993-06-01,78.6,84.2,78.90837,79.135315,78.820984,78.71252,79.04909,80.00952,79.45895,78.77563,79.21858,78.80182,78.30648,78.99314,78.95399,78.909355,79.11609
1993-07-01,76.5,78.6,74.8878,75.051926,74.60495,74.54312,74.39697,75.74803,75.31792,74.56114,74.60261,74.62609,74.45473,75.09368,75.09247,75.00105,75.18753
1993-08-01,73.6,76.5,75.977325,75.78262,75.22842,75.595,75.53736,76.596054,76.28669,75.83489,75.525314,75.9605,76.01886,75.99472,76.023346,75.90505,76.05576
1993-09-01,68.3,73.6,69.068054,69.06108,69.77109,68.82138,70.15184,69.99011,69.52908,69.58079,69.63418,69.35309,69.7551,69.27543,69.26416,69.367226,69.19491
1993-10-01,63.2,68.3,64.12341,63.893997,64.11605,63.854317,63.532593,63.691742,63.907578,62.989532,62.683807,62.986977,63.297813,63.896713,64.09236,63.8991,63.698677
1993-11-01,58.4,63.2,58.96031,59.002182,59.233627,59.07894,59.44764,59.189434,59.074875,59.161713,59.3721,59.106537,59.006508,58.91447,59.04402,58.776077,58.92331
1993-12-01,55.1,58.4,54.318005,54.336296,54.31631,54.232327,54.290768,54.558914,54.43846,53.774475,53.795185,53.71658,53.811653,54.29974,54.337498,54.326836,54.234882
1994-01-01,52.6,55.1,53.043606,52.758217,52.5074,52.82634,52.003155,53.470596,53.257103,52.22568,51.85083,52.516342,52.309875,52.884277,52.881905,52.971256,52.799664
1994-02-01,50.2,52.6,49.79825,49.71965,50.1604,49.642296,49.423767,50.55286,50.175552,49.78064,49.651783,49.872295,49.81784,49.828754,49.85526,49.730217,49.900787
1994-03-01,49.4,50.2,48.270542,47.913353,47.996685,47.880177,47.40555,48.68789,48.479218,47.56477,47.30429,47.778404,47.611618,48.10907,48.266434,47.878082,48.182693
1994-04-01,49.6,49.4,48.866547,48.629784,48.756157,48.7132,48.5484,49.732086,49.299316,49.4211,48.96398,49.863384,49.435947,49.266876,49.353973,49.00036,49.446304
1994-05-01,48.7,49.6,49.106476,48.866844,48.96479,48.832962,49.14266,49.96669,49.536583,49.75702,49.275997,49.950504,50.044548,49.39619,49.499218,49.215385,49.47397
1994-06-01,46.4,48.7,47.120102,46.781525,46.817684,46.815823,46.967484,47.40972,47.26491,47.029842,46.883514,47.13799,47.068027,46.82414,47.108406,47.04152,46.322495
1994-07-01,42.7,46.4,44.1056,43.96283,43.730247,43.869186,42.929676,43.826138,43.965866,43.545887,43.61389,43.628525,43.39524,43.771305,43.901485,43.99904,43.41339
1994-08-01,40.1,42.7,39.26553,39.26307,38.82375,39.088413,39.18183,39.904358,39.584946,39.02287,39.276802,39.056404,38.7354,39.209507,39.26181,39.170902,39.19582
1994-09-01,39.7,40.1,39.099686,39.14233,38.38282,38.9766,37.98915,39.433037,39.26636,38.66313,38.773987,38.783554,38.431854,39.046078,39.02542,39.18928,38.92353
1994-10-01,39.4,39.7,39.468395,39.54405,38.812027,39.275368,39.28847,40.12091,39.794655,39.886066,39.78997,39.89187,39.976368,39.5433,39.42846,39.601463,39.59997
1994-11-01,38.7,39.4,38.660545,38.58131,38.455353,38.35133,39.377968,39.017273,38.83891,38.714146,38.54842,38.7682,38.825813,38.561016,38.640156,38.684834,38.358063
1994-12-01,37.6,38.7,37.977722,37.84366,37.423897,37.84087,37.807438,37.92591,37.951817,37.86259,37.679146,37.98828,37.92034,37.891945,37.978714,37.886562,37.810555
1995-01-01,35.6,37.6,36.1708,36.1643,36.36788,36.175667,36.343517,36.472263,36.321533,36.582653,36.559673,36.54728,36.64101,36.347492,36.401146,36.23056,36.410767
1995-02-01,33.7,35.6,33.646664,33.61021,33.628716,33.654217,33.712536,34.040497,33.843582,33.510338,33.465454,33.54088,33.52468,33.639053,33.71482,33.739452,33.462894
1995-03-01,32.0,33.7,32.395294,32.439793,32.240936,32.45731,31.773365,32.12693,32.261112,31.805384,31.94341,31.833826,31.63892,32.141415,32.142452,32.404335,31.877453
1995-04-01,29.4,32.0,30.425076,30.47522,30.253891,30.394897,30.045696,30.314358,30.369717,29.974802,30.121778,29.930714,29.871918,30.134499,30.06445,30.226408,30.11264
1995-05-01,27.3,29.4,27.045618,27.062267,27.297558,26.94416,27.116396,27.25312,27.149368,26.672354,26.717031,26.714378,26.585651,27.032064,27.053488,26.992905,27.0498
1995-06-01,25.9,27.3,26.288181,26.25978,26.100494,26.173553,26.092901,26.459564,26.373873,26.146402,26.094826,26.195105,26.149273,26.497885,26.441048,26.314306,26.738297
1995-07-01,24.4,25.9,24.488377,24.491701,24.80937,24.430683,25.077328,25.281334,24.884855,25.029398,24.967045,24.982883,25.138268,24.737503,24.74933,24.555809,24.907375
1995-08-01,22.0,24.4,23.078459,23.009708,23.172783,22.984835,22.81897,23.044374,23.061417,22.7079,22.668499,22.653053,22.802143,23.02816,23.145626,23.133116,22.805738
1995-09-01,19.0,22.0,19.532005,19.49324,19.672161,19.507742,19.614334,19.415985,19.473995,19.416834,19.45863,19.364592,19.42728,19.410582,19.39677,19.483047,19.351927
1995-10-01,17.0,19.0,16.654135,16.696396,16.784737,16.668695,16.62778,16.572697,16.613415,16.344345,16.32864,16.318146,16.38625,16.565443,16.664867,16.508785,16.522676
1995-11-01,15.9,17.0,15.830955,15.760296,15.536686,15.809563,15.430877,15.870333,15.850643,15.570683,15.566813,15.654958,15.490275,15.771108,15.801925,15.714632,15.796767
1995-12-01,15.1,15.9,14.795637,14.749601,14.979644,14.719725,14.683344,15.249542,15.02259,14.889323,14.741051,14.9623,14.964619,14.979237,14.938816,14.93043,15.068463
1996-01-01,14.5,15.1,14.382031,14.206839,14.325843,14.222806,14.033685,14.772807,14.577419,14.238587,13.958501,14.353152,14.404111,14.350715,14.402158,14.285626,14.364358
1996-02-01,14.2,14.5,13.753449,13.6424,13.742428,13.678923,13.53499,13.967408,13.860429,13.889598,13.763954,14.069541,13.835295,13.742232,13.838342,13.671448,13.716908
1996-03-01,13.7,14.2,13.849637,13.709922,13.698002,13.738023,13.701691,13.989629,13.919633,13.943704,13.729113,14.111606,13.990394,13.906037,13.945928,13.787765,13.984421
1996-04-01,12.0,13.7,12.887185,12.747542,12.854921,12.781212,13.032177,13.392346,13.139766,13.238406,13.03115,13.344441,13.339625,13.016858,13.077839,12.992694,12.980042
1996-05-01,11.2,12.0,10.115824,10.092035,10.097522,10.028436,9.940436,10.395286,10.255554,10.049759,10.045234,10.108969,9.995076,10.071571,10.190823,10.194176,9.829716
1996-06-01,11.6,11.2,11.444771,11.331709,10.711203,11.335929,10.499288,11.053867,11.249319,10.695904,10.664444,10.717644,10.705624,11.084348,11.072158,11.177449,11.003437
1996-07-01,11.3,11.6,11.6115265,11.588851,11.337677,11.512172,11.640478,12.014523,11.8130245,11.916663,11.940781,11.823969,11.985239,11.718877,11.690016,11.6505785,11.816038
1996-08-01,11.2,11.3,10.720683,10.624632,10.370938,10.474945,11.42356,11.132719,10.926701,10.9706545,10.905701,10.909153,11.097113,10.817813,10.85219,10.863425,10.737823
1996-09-01,11.3,11.2,11.46621,11.418367,11.136455,11.372513,11.579887,11.916919,11.691565,11.555206,11.392911,11.513772,11.758934,11.434974,11.495113,11.432352,11.377455
1996-10-01,12.0,11.3,11.004356,11.008617,10.768643,10.947539,11.251198,11.081345,11.0428505,11.188397,11.381894,10.992872,11.190424,10.950948,11.082195,10.966188,10.804459
1996-11-01,13.4,12.0,12.985002,12.825632,12.176836,12.884537,12.206856,12.465053,12.725027,12.215199,12.060672,12.332209,12.252718,12.867633,12.800475,12.957724,12.844701
1996-12-01,14.3,13.4,14.191061,14.181249,13.820118,14.14939,13.329383,14.525019,14.35804,14.137725,13.84642,14.400659,14.166096,14.405658,14.286245,14.382324,14.548401
1997-01-01,14.5,14.3,14.915174,14.647825,14.486483,14.681371,14.099047,14.989496,14.952335,15.182149,15.077383,15.340209,15.128856,14.914447,15.032152,14.841272,14.869916
1997-02-01,15.2,14.5,14.492864,14.419601,14.597256,14.293607,14.994622,14.758103,14.6254835,14.694005,14.56035,15.078809,14.442854,14.58121,14.671334,14.566859,14.505436
1997-03-01,18.3,15.2,16.758194,16.426523,16.183897,16.421803,15.983149,16.427086,16.59264,16.829206,16.374897,16.961426,17.151293,16.598005,16.767044,16.582554,16.44442
1997-04-01,22.0,18.3,21.285412,21.475693,19.601385,21.076735,21.317451,21.14084,21.213127,20.645502,19.971842,20.521688,21.44298,21.575907,21.61199,21.460907,21.654821
1997-05-01,24.4,22.0,24.649614,24.42857,24.246685,24.375006,24.4851,24.293331,24.471474,24.905432,24.703007,25.042776,24.970512,24.950079,25.04425,24.96133,24.844652
1997-06-01,27.2,24.4,26.66647,26.590248,26.48526,26.34163,26.300034,26.484047,26.575258,26.340048,26.33276,26.228502,26.458878,26.743025,26.807312,26.775234,26.646526
1997-07-01,30.4,27.2,30.599838,30.394188,30.338184,30.427715,30.229614,30.600271,30.600056,30.57329,30.396915,30.585773,30.737185,30.759102,31.029152,30.694046,30.554106
1997-08-01,33.6,30.4,33.263306,33.201664,33.22255,33.20405,33.689636,33.625576,33.444443,33.72094,33.81662,33.671062,33.675133,33.49338,33.580242,33.628426,33.271477
1997-09-01,38.2,33.6,36.929375,36.87481,37.110394,36.826054,37.01316,36.903908,36.91664,36.780235,36.736977,36.834198,36.76953,37.17989,37.315453,37.368866,36.85535
1997-10-01,43.1,38.2,43.013924,43.03372,42.838657,42.972122,43.050163,42.918858,42.966393,43.052277,43.021492,43.061985,43.07335,43.185017,43.492172,43.287308,42.775566
1997-11-01,47.1,43.1,46.98963,46.970085,47.472435,46.93547,47.315434,47.5271,47.258366,47.599476,47.792435,47.46633,47.539658,47.257233,47.43027,47.26239,47.079044
1997-12-01,52.0,47.1,50.81405,50.7921,51.28939,50.853756,50.864372,51.406185,51.110115,51.12791,51.064056,51.197403,51.12227,51.3744,51.643593,51.303177,51.176422
1998-01-01,58.4,52.0,57.210903,57.22435,57.3264,57.213844,57.63891,57.773586,57.492245,57.596455,57.477997,57.635513,57.67585,57.73183,58.029373,57.668365,57.497757
1998-02-01,65.4,58.4,64.24799,64.29053,64.488464,64.220726,64.79785,64.559555,64.40378,64.61225,64.91849,64.592094,64.32618,64.45025,64.877686,64.57857,63.894497
1998-03-01,72.0,65.4,71.77783,71.76726,72.29526,71.64749,71.50859,71.67226,71.725044,71.652565,71.823845,71.8504,71.28345,71.94143,72.34249,72.230576,71.25122
1998-04-01,76.9,72.0,77.69093,77.6895,78.55263,77.66937,78.28023,78.35448,78.022705,78.1492,78.14197,78.18085,78.12479,78.03421,78.23531,78.16577,77.70154
1998-05-01,80.8,76.9,80.962204,80.964035,81.35167,81.132355,81.514206,81.99004,81.47612,81.440575,81.57495,81.43851,81.30826,81.23805,81.548416,81.2724,80.89334
1998-06-01,85.4,80.8,84.86804,84.86257,84.79404,85.02341,84.93612,85.470184,85.16911,84.861755,85.05351,84.9561,84.57566,85.16092,85.48673,85.268074,84.72794
1998-07-01,89.8,85.4,89.98694,90.05853,89.98796,90.1358,90.56438,90.632935,90.30994,90.302574,90.51975,90.25615,90.13179,90.40061,90.532776,90.52257,90.146484
1998-08-01,93.5,89.8,93.25031,93.26576,93.11835,93.445656,93.50941,93.91733,93.58382,93.62206,94.11449,93.480034,93.27166,93.55132,93.72917,93.71355,93.21125
1998-09-01,96.4,93.5,96.841324,96.85802,96.937164,96.97541,96.2567,96.92511,96.88322,96.72193,96.98334,96.75265,96.4298,97.05767,97.20106,97.198395,96.77357
1998-10-01,98.2,96.4,98.42203,98.4306,98.21856,98.55796,98.9749,99.40808,98.915054,99.24406,99.483154,99.003006,99.246025,98.81168,98.740654,98.787476,98.906906
1998-11-01,102.3,98.2,99.56789,99.50622,99.10071,99.79364,99.76558,100.326355,99.94712,100.042694,100.39409,99.686325,100.04767,99.917114,100.04306,99.90121,99.80705
1998-12-01,110.4,102.3,107.30171,107.39993,107.60884,107.42678,106.591675,106.51263,106.907166,106.8128,106.75872,106.92304,106.75662,107.53595,107.677765,107.632996,107.297104
1999-01-01,118.4,110.4,117.90092,117.90854,118.460144,117.67824,117.615005,117.26105,117.58098,118.233925,118.22957,118.3183,118.1539,118.078285,118.29725,118.20216,117.73546
1999-02-01,122.5,118.4,124.29114,124.091324,124.70532,124.05179,123.81781,124.35263,124.321884,124.3201,124.53386,124.22807,124.198364,124.41275,124.558365,124.74301,123.936874
1999-03-01,122.3,122.5,125.01318,124.95982,125.17602,125.07155,124.82813,125.52022,125.2667,124.98893,124.979996,124.975426,125.01137,125.0047,124.82933,125.2951,124.88968
1999-04-01,125.0,122.3,121.83847,121.672356,120.18574,121.929695,122.79962,123.304794,122.57163,122.60113,122.81688,122.39351,122.59299,121.775185,121.94853,121.70674,121.670296
1999-05-01,132.6,125.0,130.6087,130.74129,130.19151,130.90071,129.01259,129.53934,130.07402,129.37834,129.0829,129.71182,129.34026,130.49725,130.80615,130.69023,129.99538
1999-06-01,136.3,132.6,139.08615,139.28783,139.02399,139.2216,139.92734,138.92563,139.00589,140.12534,140.24849,140.32718,139.80032,139.57913,139.58923,139.79102,139.35715
1999-07-01,138.1,136.3,136.6705,136.5106,137.19847,136.8224,136.33623,137.49402,137.08226,137.2849,137.89832,137.00348,136.95291,136.93321,136.69272,137.36708,136.73982
1999-08-01,142.9,138.1,141.55537,141.62256,141.67691,141.63641,140.03316,140.8328,141.19409,140.46112,139.9097,140.5237,140.94994,141.74348,141.89941,141.46812,141.86293
1999-09-01,150.5,142.9,147.38124,147.46286,147.86641,147.58661,148.00343,148.72565,148.05344,148.95107,149.15118,148.65347,149.04854,148.06087,148.30722,147.53827,148.3371
1999-10-01,159.3,150.5,158.05475,157.7851,157.3883,157.76172,157.60892,157.59079,157.82277,158.16428,158.06625,158.48695,157.9396,158.74646,159.09659,158.87149,158.27132
1999-11-01,164.1,159.3,166.70665,166.61984,167.66525,166.48862,166.10336,166.47044,166.58855,166.75252,167.03818,166.78278,166.4366,166.86566,167.21167,167.49802,165.8873
1999-12-01,164.0,164.1,166.37704,166.23572,166.39044,166.16301,165.1018,165.71738,166.04721,165.66823,166.55347,165.27138,165.17987,165.35826,165.18866,166.00961,164.8765
2000-01-01,166.1,164.0,164.22224,164.05379,163.02571,164.26088,163.44214,164.85449,164.53836,164.08138,164.15576,164.0658,164.02258,164.06743,164.32661,163.95398,163.92168
2000-02-01,170.6,166.1,170.53984,170.68678,170.31572,170.99933,170.56024,171.76718,171.1535,171.29594,170.50513,171.52226,171.8604,171.43431,171.43307,171.22363,171.64622
2000-03-01,174.3,170.6,173.8704,173.90277,174.449,174.18254,175.64989,175.30746,174.58893,175.40349,175.87149,175.15945,175.17952,174.59987,174.63258,174.56747,174.59953
2000-04-01,175.2,174.3,177.46533,177.38625,177.77777,177.63428,174.98955,176.06296,176.76414,176.19783,176.94263,176.42981,175.22108,177.32283,177.78903,177.79984,176.37964
2000-05-01,172.9,175.2,174.29382,174.28143,173.91501,174.08363,173.91402,174.57173,174.43277,174.73833,175.47128,174.2034,174.54025,174.26494,173.52103,174.49472,174.77907
2000-06-01,172.7,172.9,170.57483,170.39734,170.38318,170.7973,169.88509,172.2705,171.42267,171.41011,171.8513,171.18515,171.1939,171.2082,171.4102,170.6747,171.53973
2000-07-01,174.2,172.7,174.13933,174.42378,174.20593,174.81027,172.3576,174.61789,174.3786,173.82127,173.45111,174.4428,173.5699,174.83504,174.93353,174.72107,174.85054
2000-08-01,172.8,174.2,174.2783,174.27115,174.33571,174.57793,173.20052,174.01402,174.14616,174.39793,175.13036,174.53265,173.53075,174.2813,174.15178,174.67545,174.01665
2000-09-01,168.8,172.8,169.65152,169.78209,168.99377,170.05316,168.01118,168.40096,169.02625,169.23085,170.2399,169.13075,168.32188,169.49084,169.339,170.01234,169.12119
2000-10-01,165.3,168.8,164.29848,164.89366,164.16309,164.82051,164.28122,163.4161,163.8573,165.12096,165.53825,165.59283,164.23174,164.73073,164.70517,164.43823,165.04877
2000-11-01,163.1,165.3,162.50363,163.20547,163.81714,163.25568,163.81572,163.75159,163.12761,162.41364,162.13234,163.08815,162.0204,163.54335,163.58832,162.82837,164.21338
2000-12-01,162.7,163.1,161.14642,161.25504,160.10889,161.32542,161.55933,163.28333,162.21487,162.31757,162.20341,162.91226,161.83702,161.88945,161.48306,161.83156,162.35368
2001-01-01,158.3,162.7,162.09679,162.2993,162.36716,162.42279,160.99277,161.6047,161.85074,161.69708,162.3617,162.17058,160.55896,162.58972,162.4338,162.66397,162.6714
2001-02-01,152.5,158.3,151.88702,151.44621,152.06322,152.41316,151.7191,151.17407,151.53055,150.90584,151.63866,150.75815,150.32074,150.95808,150.26779,151.54065,151.0658
2001-03-01,155.1,152.5,148.89902,149.59203,149.5476,149.62825,146.92732,148.36456,148.63179,147.76689,147.54729,148.09563,147.65773,148.8059,148.82832,148.69444,148.89491
2001-04-01,160.7,155.1,159.19072,158.96385,157.38239,159.7649,157.24007,159.65128,159.42099,159.42352,158.93582,159.4843,159.85046,159.57008,159.47325,158.95638,160.28064
2001-05-01,163.7,160.7,161.82831,162.12878,161.79718,161.97629,161.08447,163.10065,162.46448,163.30629,162.94649,163.96611,163.00626,162.35454,161.99023,162.32584,162.74756
2001-06-01,167.4,163.7,165.14684,164.79913,163.50137,165.32703,160.55362,163.81326,164.48004,162.58684,162.67519,162.32047,162.76486,164.64003,164.61646,164.81805,164.48561
2001-07-01,172.0,167.4,169.91832,169.84787,168.7663,169.62509,166.44484,170.4103,170.1643,168.94244,167.98724,168.17424,170.66585,170.06708,169.81381,169.58418,170.80322
2001-08-01,175.8,172.0,176.05432,175.00423,174.53528,175.32674,172.2457,176.76253,176.40842,177.63643,176.99742,177.65193,178.25995,176.66444,177.23225,175.88007,176.88104
2001-09-01,177.1,175.8,179.46014,178.64742,179.74615,178.1669,178.15341,181.1493,180.30472,183.03735,181.97717,183.17656,183.95831,179.75383,179.90044,179.93144,179.4296
2001-10-01,177.3,177.1,179.37466,177.88454,178.42644,178.18481,179.02745,179.18042,179.27754,179.78358,180.25752,179.73117,179.36208,178.15675,178.92746,178.85896,176.68384
2001-11-01,180.3,177.3,179.45238,178.67941,178.26492,178.69171,180.12021,176.9259,178.18915,178.10307,178.68436,178.31534,177.30954,178.77254,178.52385,179.21661,178.57715
2001-12-01,179.1,180.3,185.2279,184.75792,183.92067,184.8039,182.989,183.53221,184.38007,185.38103,185.37256,185.50723,185.26329,186.41753,186.3405,186.0102,186.90182
2002-01-01,177.6,179.1,175.04884,174.20297,174.22087,174.05928,176.85416,177.86137,176.45511,178.59837,179.40965,178.36464,178.02081,176.63866,175.59766,176.57875,177.73956
2002-02-01,179.7,177.6,179.67145,179.85909,179.04135,180.15182,175.66187,177.5954,178.63342,177.60474,178.04407,178.06892,176.70125,180.04109,180.63687,179.79202,179.69443
2002-03-01,178.2,179.7,180.59525,180.82576,181.41922,180.55988,179.18352,179.89282,180.24403,181.26811,182.59502,181.02225,180.18704,180.18596,180.21426,180.3087,180.03491
2002-04-01,174.4,178.2,174.5615,174.07028,174.06958,174.436,175.8994,174.21843,174.38995,175.08952,175.94556,174.95065,174.37233,174.69603,174.3122,175.19565,174.58025
2002-05-01,171.3,174.4,170.998,171.75728,170.77536,171.62201,173.56418,171.98705,171.49252,171.29419,171.58244,171.67862,170.62149,171.66533,171.43727,171.60483,171.95389
2002-06-01,166.9,171.3,168.39883,168.80547,168.8003,169.06923,168.18816,168.01605,168.20744,167.29555,167.87477,168.0225,165.98935,168.28502,168.78278,168.06482,168.00746
2002-07-01,161.5,166.9,162.87209,162.32211,162.0998,162.39108,161.46127,162.85397,162.86304,163.01076,163.6962,162.49547,162.84064,162.69115,162.5355,162.91202,162.62592
2002-08-01,155.4,161.5,157.39682,157.70566,157.9861,157.71205,156.89507,157.58258,157.4897,156.92651,156.82095,156.92416,157.03444,157.51627,156.85536,157.95251,157.74094
2002-09-01,149.5,155.4,150.3482,150.56622,150.09236,150.78162,148.88898,151.1159,150.73206,149.83325,150.13857,149.555,149.80621,149.98628,149.58424,149.96045,150.41418
2002-10-01,143.9,149.5,144.9939,145.30237,145.50493,145.38577,143.80034,144.65852,144.8262,144.14552,144.66644,144.1875,143.58266,144.59016,144.71378,144.63559,144.42114
2002-11-01,136.0,143.9,138.87462,139.00607,138.82434,139.20332,139.20679,138.30446,138.58954,139.18494,139.0793,139.38142,139.0941,139.24057,139.03429,139.15637,139.53104
2002-12-01,131.4,136.0,128.60562,128.63142,129.78206,128.75911,129.61993,130.1535,129.37956,129.02293,128.8388,128.94623,129.28378,128.92816,129.06955,128.56944,129.14552
2003-01-01,129.6,131.4,129.88213,129.6745,129.12373,130.0662,127.92757,128.49478,129.18845,128.42084,128.29797,128.46494,128.49962,129.48203,130.0294,129.40036,129.01633
2003-02-01,125.7,129.6,126.12857,126.05356,125.56166,126.30293,127.08697,126.31505,126.22181,126.958336,126.97443,126.9133,126.98727,126.17074,125.8374,126.184845,126.48996
2003-03-01,118.7,125.7,121.34931,120.998825,121.1212,121.21284,121.168106,122.47981,121.914566,120.77354,119.88366,121.08266,121.354324,121.66095,121.73317,121.54142,121.70825
2003-04-01,111.9,118.7,111.85629,111.74167,112.78064,111.9057,112.59074,113.2682,112.56225,112.039116,111.861275,112.168,112.08808,111.9163,112.07405,111.8001,111.87474
2003-05-01,107.0,111.9,107.25716,107.38313,107.2295,107.26068,106.83344,106.93933,107.09824,106.259926,106.45672,106.35272,105.97035,107.063354,107.30145,106.932495,106.9561
2003-06-01,101.7,107.0,103.173195,102.990585,102.8915,102.89687,102.52278,104.239365,103.70628,102.90708,102.88156,103.10689,102.73282,103.14835,103.01572,103.12378,103.305565
2003-07-01,96.0,101.7,96.68679,96.72063,97.40899,96.39633,96.46544,98.03783,97.362305,96.50869,96.20892,96.71057,96.60655,97.081154,97.100334,97.16901,96.974106
2003-08-01,92.9,96.0,91.68224,91.43519,91.64682,91.20363,90.87714,92.23764,91.959946,90.66412,90.507545,90.675,90.80982,91.26699,91.38669,91.09259,91.3217
2003-09-01,91.8,92.9,91.113556,90.90286,90.91853,90.882126,89.76848,91.13365,91.123604,90.71176,90.76392,90.97683,90.39453,91.16422,91.45441,90.85707,91.18118
2003-10-01,89.1,91.8,90.20839,89.89085,90.234344,89.83384,90.02438,91.33012,90.76926,90.88766,90.44507,90.943726,91.274185,90.72592,90.58975,90.42879,91.15923
2003-11-01,86.9,89.1,85.46086,85.16215,85.74156,85.20088,85.1743,87.16753,86.31419,86.1228,85.47987,86.25798,86.63054,85.764626,85.97816,85.7795,85.53624
2003-12-01,84.1,86.9,85.715256,85.45328,84.92476,85.56984,83.52502,84.99475,85.355,84.704475,84.32429,85.05716,84.73199,85.00913,85.31159,85.1909,84.52491
2004-01-01,80.1,84.1,80.22078,80.04468,79.97645,79.98471,80.13573,80.60971,80.415245,80.20845,80.43738,80.3149,79.87306,79.965355,80.0292,79.98797,79.87889
2004-02-01,76.4,80.1,77.2041,77.03596,76.647896,76.90202,75.80168,77.880486,77.5423,76.27965,75.88771,76.58963,76.3616,77.341866,77.32318,77.42748,77.27493
2004-03-01,73.2,76.4,73.29181,73.38022,73.26828,73.14668,73.489075,75.10241,74.19711,73.80744,73.77109,73.90771,73.743515,73.48317,73.5444,73.38076,73.52434
2004-04-01,71.0,73.2,70.80947,70.88628,70.3656,70.501175,70.071945,70.95204,70.88075,70.23766,70.42627,70.325516,69.96119,70.493904,70.702614,70.66534,70.11377
2004-05-01,69.5,71.0,69.522736,69.36444,68.85132,69.142105,68.5419,69.60623,69.56448,68.98123,68.99791,69.064926,68.88085,69.334564,69.29016,69.385826,69.3277
2004-06-01,67.1,69.5,67.96353,67.92808,68.27063,67.75814,68.20662,68.89737,68.43045,68.47187,68.214584,68.50067,68.70035,68.3906,68.38831,68.23198,68.5515
2004-07-01,64.8,67.1,64.48221,64.32875,64.50934,64.23985,64.49608,65.28385,64.883026,64.47416,64.296135,64.37598,64.750374,64.40208,64.57512,64.3473,64.2838
2004-08-01,63.0,64.8,63.20489,63.126785,63.094418,63.16544,62.160645,62.821106,63.013,62.61447,62.629543,62.706142,62.50773,62.99779,63.18567,63.15194,62.65577
2004-09-01,60.2,63.0,61.138794,61.07014,60.971382,61.01924,60.960487,61.33854,61.238667,61.052906,61.019196,60.994926,61.144608,61.0596,60.950638,61.046944,61.18122
2004-10-01,57.9,60.2,57.410904,57.342323,57.56186,57.282913,57.464676,58.17391,57.792404,57.1167,56.936127,57.22502,57.18895,57.401745,57.51053,57.45716,57.23755
2004-11-01,56.6,57.9,56.690273,56.609947,56.40924,56.54669,55.83168,56.652958,56.671616,55.997402,55.94049,56.119392,55.93232,56.49471,56.526573,56.54547,56.412094
2004-12-01,55.7,56.6,55.295135,55.261116,55.28714,55.1297,55.473732,55.96109,55.628113,55.444645,55.48016,55.45962,55.394157,55.370968,55.361702,55.20444,55.546753
2005-01-01,54.5,55.7,55.044987,54.87285,54.80999,54.784027,54.56388,55.518227,55.28161,54.89729,54.637726,55.10142,54.952705,55.133556,55.229305,55.097584,55.073784
2005-02-01,53.2,54.5,53.00386,52.939392,53.078217,52.85893,53.076244,53.698,53.35093,53.37987,53.232307,53.421654,53.485653,53.128387,53.159885,53.115257,53.110016
2005-03-01,52.3,53.2,52.202236,52.12807,52.07589,52.06747,51.9274,52.292423,52.24733,51.99178,51.87349,52.001534,52.10032,52.076168,52.22677,52.069283,51.93245
2005-04-01,49.3,52.3,51.499702,51.384945,51.30313,51.39151,51.13552,51.5577,51.5287,51.34737,51.321945,51.442482,51.277687,51.336395,51.397552,51.39422,51.217422
2005-05-01,45.0,49.3,45.709705,45.76699,46.299717,45.61191,46.05146,46.34037,46.02504,45.828156,45.86654,45.870552,45.747368,45.920246,45.961517,45.984753,45.814465
2005-06-01,44.5,45.0,42.208282,42.33421,42.43593,42.137505,41.843803,42.337967,42.273125,41.533657,41.551563,41.697334,41.352074,42.03477,42.108192,42.072258,41.92386
2005-07-01,44.6,44.5,45.79843,45.62118,44.680584,45.72368,44.56821,45.177475,45.487953,45.400036,45.530212,45.4483,45.22159,45.618603,45.64364,45.532757,45.679413
2005-08-01,41.9,44.6,42.92739,42.91998,43.07777,42.713924,44.496014,43.795086,43.361237,43.71136,43.766384,43.523926,43.84376,43.189648,42.90724,43.205673,43.45603
2005-09-01,39.4,41.9,39.358154,39.166275,39.31637,39.22315,39.093674,39.605618,39.481888,38.837326,38.478424,38.981483,39.052067,39.51312,39.64781,39.540436,39.351112
2005-10-01,38.9,39.4,37.84988,37.873802,37.82425,37.893356,37.618942,37.70268,37.77628,37.89326,38.034763,37.765327,37.879692,37.750698,37.800995,37.56588,37.885212
2005-11-01,38.4,38.9,38.707153,38.678543,38.417976,38.797935,38.62535,38.42831,38.567734,38.592648,38.769615,38.62195,38.386383,38.663925,38.79414,38.577248,38.620388
2005-12-01,36.0,38.4,37.268448,37.063385,36.774807,37.08229,36.820164,37.56524,37.416843,37.320152,37.026783,37.487907,37.445763,37.41145,37.20969,37.607533,37.417118
2006-01-01,33.0,36.0,33.379684,33.39045,33.739532,33.403652,32.8724,33.868675,33.62418,33.11234,33.02404,32.992714,33.320267,33.376297,33.438488,33.44339,33.247005
2006-02-01,29.7,33.0,30.923767,30.924011,30.751049,30.858864,29.80117,30.54935,30.736559,30.135605,30.433338,30.193087,29.78039,30.449806,30.622604,30.383202,30.343613
2006-03-01,27.4,29.7,26.81397,26.953747,27.153353,26.865267,26.587399,26.866417,26.840195,26.887949,27.17413,27.020195,26.469522,27.05861,27.06218,26.965698,27.147957
2006-04-01,27.0,27.4,26.428679,26.349833,26.103214,26.214157,25.655018,27.087254,26.757965,26.489899,26.082733,26.608246,26.778717,26.79424,26.594152,26.69769,27.090881
2006-05-01,27.4,27.0,26.713425,26.628323,26.757769,26.681606,26.112324,27.303795,27.00861,26.797583,26.722301,26.79107,26.879375,26.642996,26.78391,26.622864,26.522205
2006-06-01,26.2,27.4,27.318394,27.167833,26.840948,27.19947,25.749758,26.304201,26.811298,26.680243,26.820162,26.665936,26.554626,26.979055,27.090752,27.119225,26.727184
2006-07-01,25.0,26.2,24.073303,23.857458,23.608255,23.964712,24.086536,24.36372,24.218512,24.277872,24.172213,24.305643,24.355766,24.186403,23.992435,24.103762,24.463013
2006-08-01,25.9,25.0,24.531322,24.46401,24.538559,24.639278,23.655355,25.04938,24.790352,24.774603,24.255413,25.043217,25.025175,24.8355,24.957592,24.620293,24.928612
2006-09-01,26.0,25.9,26.767338,26.625334,26.267843,26.789219,26.384104,26.587196,26.677267,26.646194,26.503693,26.788506,26.646385,26.643194,26.739904,26.617998,26.57168
2006-10-01,23.7,26.0,24.938326,24.742256,24.457045,24.71402,25.450148,24.648851,24.793589,24.985052,25.198397,25.035667,24.721096,24.885092,24.90046,25.101618,24.653198
2006-11-01,21.1,23.7,21.420475,21.327168,21.383179,21.271778,21.474049,21.831364,21.62592,21.012278,20.768314,21.200148,21.06837,21.318302,21.345463,21.372232,21.23721
2006-12-01,20.2,21.1,19.326382,19.51051,19.305819,19.419054,19.394417,19.480433,19.403408,19.220047,19.535854,19.19326,18.931026,19.305824,19.429508,19.16698,19.320984
2007-01-01,19.8,20.2,20.150475,20.175348,19.663126,20.123472,19.681833,19.916456,20.033466,20.146652,20.252903,20.179607,20.007446,20.129057,19.968582,20.187962,20.230629
2007-02-01,19.0,19.8,18.92834,18.99064,18.847034,18.821503,19.062645,19.547123,19.237732,19.305822,19.06724,19.456638,19.393589,19.204622,19.070822,19.320919,19.22213
2007-03-01,17.7,19.0,18.303505,18.234154,18.110664,18.27969,17.187824,17.99308,18.148293,17.622635,17.58375,17.52986,17.754295,18.122103,18.165771,18.25589,17.944649
2007-04-01,16.4,17.7,16.253613,16.209743,16.201197,16.24607,15.268866,15.733377,15.993495,15.953484,16.2076,15.879422,15.773428,15.974583,16.039654,15.9519,15.932195
2007-05-01,14.4,16.4,15.435883,15.468752,15.375355,15.536618,15.499895,15.206579,15.321231,15.30866,15.224796,15.371563,15.32962,15.590709,15.535992,15.531391,15.7047415
2007-06-01,12.8,14.4,12.278514,12.269791,12.669737,12.306438,12.290554,13.293904,12.786209,12.65425,12.554407,12.626127,12.782215,12.541461,12.479927,12.495539,12.648915
2007-07-01,11.6,12.8,12.141425,12.150561,11.904075,12.176167,11.008974,11.784083,11.962754,11.295604,11.446966,11.303708,11.136134,11.852025,11.987166,12.019161,11.549747
2007-08-01,9.9,11.6,10.224235,10.195489,9.909543,10.201542,9.609573,9.831782,10.028008,9.886529,10.117817,9.923647,9.618123,9.911124,9.863523,9.975347,9.894504
2007-09-01,9.6,9.9,8.447164,8.41875,8.577894,8.37149,8.2128105,8.557376,8.50227,8.15359,8.024779,8.219643,8.216347,8.631459,8.595901,8.535721,8.762756
2007-10-01,9.9,9.6,10.058144,9.882711,9.64106,9.98979,9.862076,10.67943,10.368787,10.290969,9.931002,10.48588,10.456026,10.278562,10.287734,10.017012,10.53094
2007-11-01,9.2,9.9,9.348141,9.358905,9.630245,9.356119,9.943577,9.8849125,9.616527,9.849242,9.937075,9.768974,9.841679,9.497903,9.585487,9.470419,9.437803
2007-12-01,7.9,9.2,8.341948,8.17152,7.8086987,8.214945,7.829977,8.041878,8.191913,7.8826203,7.781413,7.882742,7.9837074,8.1391,8.189463,8.274374,7.9534636
2008-01-01,6.6,7.9,6.6133366,6.6001015,6.6905546,6.638257,6.0468044,6.765152,6.6892443,6.706927,6.6529813,6.770278,6.6975217,6.5967183,6.582616,6.6187706,6.5887685
2008-02-01,5.6,6.6,5.609594,5.631102,5.4995832,5.6263356,5.616856,5.670281,5.6399374,5.42173,5.47428,5.4157896,5.3751197,5.545091,5.5957255,5.5115747,5.5279737
2008-03-01,5.1,5.6,4.8868246,4.8533716,4.709767,4.8224425,4.577834,5.083219,4.9850216,4.7356277,4.76948,4.8465085,4.590894,4.855832,4.815488,4.9417176,4.8102903
2008-04-01,5.1,5.1,4.795282,4.820197,4.670373,4.7291117,4.598259,5.012584,4.903933,4.785298,4.7446575,4.835601,4.775635,4.876841,4.8340054,4.8904014,4.9061165
2008-05-01,5.4,5.1,5.1320896,5.0409203,4.9087486,4.992704,5.0245743,5.4478273,5.2899585,5.220133,5.090422,5.2405615,5.3294144,5.046713,5.0748687,4.987122,5.0781474
2008-06-01,4.8,5.4,5.522167,5.4782724,5.3660297,5.472268,5.5259924,5.550088,5.5361276,5.6021132,5.578084,5.6723323,5.5559225,5.555216,5.6312923,5.5477104,5.486645
2008-07-01,4.0,4.8,3.7114353,3.6389747,3.7695436,3.6207376,4.042239,4.015595,3.8635151,4.044457,4.00869,3.9764786,4.1482024,3.8484516,3.8193212,3.8262115,3.8998227
2008-08-01,3.8,4.0,3.6455045,3.6343722,3.5432935,3.6826668,2.9401555,3.7073276,3.676416,3.417085,3.3324122,3.444817,3.4740262,3.5759852,3.6529727,3.6239424,3.4510407
2008-09-01,3.2,3.8,3.6000657,3.598235,3.4265993,3.6435602,3.2131612,3.3281221,3.464094,3.4374564,3.581313,3.4121766,3.3188803,3.439172,3.4589748,3.5330014,3.3255403
2008-10-01,2.4,3.2,2.3803072,2.3789659,2.1813855,2.3153048,2.2875829,2.363811,2.372059,2.179319,2.1811075,2.2103682,2.146481,2.3332586,2.2703223,2.4165835,2.31287
2008-11-01,2.3,2.4,1.9503114,1.939394,1.894031,1.9311063,1.9835198,2.2059796,2.0781455,1.8160921,1.7429452,1.8418269,1.8635044,1.9567375,1.9561138,1.9308879,1.9832106
2008-12-01,2.2,2.3,2.4064987,2.4162264,2.2423756,2.3871899,2.3024437,2.6025555,2.504527,2.5780118,2.5494492,2.5425363,2.64205,2.4571667,2.465504,2.3764124,2.5295842
2009-01-01,2.5,2.2,1.8263302,1.8007092,1.728344,1.7584658,2.0688338,1.9974499,1.91189,1.9162441,1.9220173,1.9070549,1.9196603,1.8613476,1.8664279,1.8686101,1.8490045
2009-02-01,2.7,2.5,3.0228014,2.9661674,2.657828,3.0233564,2.4851522,2.9134922,2.9681468,2.787635,2.6845872,2.8481154,2.8302035,3.0628083,3.0796263,3.0796025,3.0291965
2009-03-01,2.9,2.7,2.3322062,2.3017719,2.292234,2.3083305,2.4861093,2.4083352,2.3702707,2.5280178,2.6746767,2.4033768,2.5059996,2.2734818,2.2301636,2.2981696,2.2921124
2009-04-01,3.3,2.9,3.2878127,3.210526,2.910108,3.3134034,2.6000824,2.8614936,3.0746531,2.744428,2.707717,2.7967978,2.728769,3.1576617,3.2188392,3.1673956,3.0867505
2009-05-01,3.5,3.3,3.4101334,3.3226423,3.3136811,3.3431647,3.0697725,3.570149,3.4901412,3.4398823,3.3323476,3.5160453,3.4712536,3.5358944,3.4009097,3.5126188,3.6941552
2009-06-01,4.1,3.5,3.6696122,3.5694277,3.45053,3.6150033,3.41458,3.764989,3.7173004,3.7822351,3.5759299,3.899363,3.871412,3.7875576,3.8143895,3.7306309,3.8176522
2009-07-01,5.5,4.1,4.8457966,4.759126,4.567926,4.7131314,4.010875,4.9808173,4.913307,4.79071,4.856888,4.864832,4.6504107,4.808183,4.782735,4.8513484,4.790466
2009-08-01,7.4,5.5,6.826077,6.815731,6.205384,6.6788645,6.5522957,6.792802,6.8094397,6.361131,6.2118416,6.212002,6.6595488,6.7317376,6.7791634,6.730729,6.6853213
2009-09-01,9.5,7.4,9.020448,9.006342,8.528247,8.820168,9.037257,8.856111,8.938279,8.7671795,8.438707,8.662847,9.199984,9.08575,9.037354,9.063632,9.156263
2009-10-01,10.9,9.5,11.450802,11.408575,11.23556,11.258251,11.280994,11.324661,11.387732,11.552704,11.557629,11.654297,11.446184,11.611751,11.654977,11.632345,11.54793
2009-11-01,11.7,10.9,12.022099,11.861223,12.023266,11.819182,12.112562,12.150175,12.086137,12.141792,12.245394,12.066926,12.113056,12.100255,12.1261635,12.147532,12.027071
2009-12-01,12.7,11.7,12.850037,12.759475,12.584402,12.808331,12.838175,12.776745,12.813391,12.673953,12.642681,12.727991,12.651188,12.877749,13.03511,12.907581,12.690554
2010-01-01,14.0,12.7,13.907255,13.860582,13.792215,13.893074,13.992126,13.930563,13.918909,13.927876,13.932943,13.941555,13.909134,13.997531,13.993408,14.091324,13.907858
2010-02-01,16.1,14.0,15.282749,15.29052,15.329611,15.30905,15.27499,15.30488,15.293815,15.326568,15.3431,15.361391,15.275211,15.43367,15.449972,15.458767,15.392271
2010-03-01,18.5,16.1,18.306927,18.351269,18.151518,18.33435,18.17155,18.233646,18.270287,18.362911,18.337109,18.439835,18.31179,18.559578,18.702534,18.507984,18.468216
2010-04-01,20.8,18.5,20.30764,20.311329,20.495876,20.29906,20.726355,20.756348,20.531994,20.815931,20.933771,20.772738,20.741285,20.593843,20.660343,20.519485,20.601704
2010-05-01,23.1,20.8,22.989305,22.955206,23.18547,22.931665,23.03476,23.148998,23.069153,23.02178,23.04243,23.071068,22.951843,23.187325,23.360727,23.13119,23.070057
2010-06-01,24.6,23.1,25.110313,25.075813,25.33896,25.093044,25.293587,25.372688,25.2415,25.300058,25.416645,25.347996,25.135536,25.228556,25.343573,25.28701,25.055082
2010-07-01,25.2,24.6,25.670116,25.633305,25.655449,25.644417,25.399338,25.768778,25.719448,25.627722,25.850046,25.60141,25.431705,25.577408,25.621696,25.736551,25.373974
2010-08-01,26.4,25.2,25.840664,25.811687,25.56089,25.861713,25.582092,25.888065,25.864365,25.66076,25.823483,25.633835,25.524967,25.75252,25.82225,25.890373,25.544937
2010-09-01,29.5,26.4,28.05304,28.103823,28.002203,28.13663,27.838333,27.900793,27.976917,27.882362,27.85233,27.915812,27.878944,28.057474,28.100727,28.102741,27.968956
2010-10-01,34.5,29.5,32.67263,32.778194,32.37152,32.711975,32.940765,32.62699,32.64981,32.949047,32.791473,33.014282,33.04139,32.96812,33.06926,32.858643,32.976456
2010-11-01,39.1,34.5,39.05414,39.105934,38.63533,38.942795,39.525295,39.37442,39.21428,39.69453,39.623154,39.805195,39.655243,39.533222,39.905006,39.363556,39.33111
2010-12-01,42.5,39.1,42.387665,42.287342,42.882683,42.257614,43.164024,43.042473,42.71507,42.890766,43.08278,42.81031,42.779205,42.664333,42.777172,42.69771,42.51812
2011-01-01,45.7,42.5,45.836067,45.70538,45.94014,45.67711,45.46631,45.682365,45.759216,45.42538,45.500362,45.532387,45.24339,45.742443,46.01423,45.816193,45.396904
2011-02-01,48.8,45.7,48.933876,48.830257,48.973022,48.889427,48.468124,49.022602,48.97824,48.866028,48.94416,48.988434,48.66548,48.864807,49.06102,49.040756,48.49264
2011-03-01,53.8,48.8,51.806553,51.79928,51.98693,51.824547,51.618835,51.818718,51.812637,51.677082,51.71071,51.786766,51.53377,51.78662,51.87927,52.056767,51.42383
2011-04-01,61.1,53.8,59.510803,59.58361,59.19478,59.519753,59.106194,58.884186,59.197495,59.11778,58.83613,59.34307,59.17413,59.659603,59.934013,59.841507,59.20328
2011-05-01,69.3,61.1,67.52771,67.62715,67.72186,67.52298,68.194595,68.05734,67.79253,68.4621,68.44826,68.43892,68.499115,68.03555,68.38699,67.964935,67.75474
2011-06-01,77.2,69.3,76.73369,76.71161,77.15889,76.562454,77.1926,77.38239,77.058044,77.29517,77.143295,77.28786,77.45436,77.43436,77.96002,77.23633,77.10671
2011-07-01,83.6,77.2,84.0226,83.94516,85.04254,83.96985,85.11263,85.29112,84.65686,84.94106,84.977264,84.91832,84.9276,84.81173,85.250275,84.72624,84.45868
2011-08-01,86.3,83.6,89.30328,89.193115,89.64442,89.23887,89.61127,89.967285,89.635284,89.50912,89.89674,89.5179,89.112686,89.49227,89.92793,89.66604,88.88283
2011-09-01,86.6,86.3,87.84593,87.733864,87.29278,87.868744,88.26471,88.985466,88.415695,88.21319,88.96162,88.22225,87.455696,87.81641,87.99263,88.21289,87.24368
2011-10-01,87.4,86.6,87.98863,87.84793,86.9357,88.028275,87.876854,88.3345,88.16157,87.60842,88.111946,87.647865,87.06543,87.833565,88.066025,88.12935,87.30533
2011-11-01,89.4,87.4,88.761246,88.73447,89.18657,88.93848,89.22371,89.819984,89.29062,89.39761,89.62909,89.2811,89.28265,89.00883,88.93201,89.058945,89.03554
2011-12-01,92.5,89.4,91.57095,91.52571,91.9561,91.94475,91.318054,91.90022,91.73559,91.86172,92.25859,91.76597,91.56058,92.080414,92.17386,91.93556,92.13181
2012-01-01,95.5,92.5,95.034386,95.11542,95.64501,95.27108,95.91662,95.47708,95.25574,95.52091,95.89993,95.51161,95.15121,95.81336,95.653534,95.64221,96.14435
2012-02-01,98.1,95.5,97.20088,97.22071,97.649475,97.459595,98.698395,97.54703,97.373955,97.527885,98.265884,97.29312,97.02464,97.74355,97.705,97.662025,97.8636
2012-03-01,98.3,98.1,100.0088,99.99759,100.17589,100.151596,99.68979,99.30492,99.65686,99.254425,99.91589,99.11861,98.728775,100.219666,100.12108,100.445114,100.09279
2012-04-01,95.1,98.3,96.367,96.47329,95.8532,96.78938,96.13839,96.534355,96.450676,96.297905,97.072975,95.9719,95.84883,96.53092,96.109146,96.98354,96.50011
2012-05-01,90.9,95.1,91.471886,91.61377,91.46636,91.883736,91.198944,91.36436,91.41812,91.22408,91.50936,91.124016,91.03887,91.54842,91.601395,91.719376,91.32449
2012-06-01,86.6,90.9,87.23583,87.63846,87.91837,87.82721,87.916214,87.256256,87.24605,88.10615,87.97552,88.59399,87.74894,87.530304,87.84082,87.39155,87.35856
2012-07-01,84.5,86.6,83.0286,83.28303,83.43623,83.39493,84.608864,82.57439,82.8015,83.624954,83.68188,84.23922,82.953766,83.5174,83.64539,83.390015,83.51681
2012-08-01,85.1,84.5,83.585815,84.18722,84.339325,83.94581,85.14102,84.69486,84.140335,84.02624,83.78478,84.78759,83.506325,84.34103,83.790146,83.99674,85.23619
2012-09-01,85.3,85.1,85.61658,85.32622,85.33204,85.324905,87.90342,87.4161,86.51634,87.72558,87.73083,88.03963,87.40629,86.58832,86.33802,85.89031,87.536606
2012-10-01,85.8,85.3,83.39127,83.413055,82.90901,83.857956,85.55621,84.80474,84.09801,85.85873,86.476974,85.135864,85.96333,84.469894,84.43812,84.13086,84.84071
2012-11-01,87.7,85.8,85.071625,85.50943,84.79616,86.1818,85.364075,86.26382,85.667725,86.246864,86.402725,85.89432,86.44357,86.01815,86.29879,85.404884,86.35075
2012-12-01,88.1,87.7,87.56801,87.99064,87.44193,88.71155,87.19209,88.49021,88.02911,88.89132,88.9544,88.074265,89.64529,87.805176,87.840385,87.51661,88.05854
2013-01-01,86.8,88.1,86.63115,86.38522,86.22189,87.02946,86.606514,86.740814,86.68598,86.6185,86.1438,86.7342,86.977516,86.57917,86.52614,86.54774,86.663635
2013-02-01,86.1,86.8,85.24269,85.10984,84.80862,85.4749,84.36327,85.54055,85.39162,84.98887,84.57601,85.26856,85.12205,85.22571,85.12718,85.21724,85.332695
2013-03-01,84.4,86.1,86.003075,85.66682,85.59929,85.92255,86.61064,86.587395,86.295235,85.888954,85.60301,85.71612,86.34776,85.99921,86.037575,85.57421,86.385826
2013-04-01,84.3,84.4,81.91691,81.90608,82.01795,81.907745,84.3346,82.61175,82.26433,82.74693,82.88501,83.117775,82.23802,82.35196,82.50655,82.089264,82.460045
2013-05-01,87.0,84.3,86.316216,85.753334,84.78814,85.64434,85.280685,85.896484,86.10635,85.8021,85.129005,85.91937,86.35793,86.28622,86.45443,86.153915,86.250305
2013-06-01,90.9,87.0,88.97771,88.92147,88.06648,88.71368,88.0364,90.38952,89.68361,89.412506,90.0142,88.91309,89.31022,89.37258,89.45969,89.14066,89.51738
2013-07-01,94.6,90.9,93.41572,93.77657,91.37258,93.10676,92.63653,92.15988,92.787796,91.78838,91.43254,91.634254,92.29833,92.95035,93.091446,93.05724,92.70237
2013-08-01,99.0,94.6,97.17911,96.85094,95.70233,96.67349,96.09274,95.71304,96.446075,96.51941,96.42796,96.12203,97.008255,97.15481,97.222046,97.00482,97.23756
2013-09-01,104.6,99.0,103.70816,103.63689,102.2009,103.06915,102.42572,102.4366,103.07238,102.97061,102.85085,102.95277,103.10822,103.51712,103.80143,103.49856,103.25137
2013-10-01,107.0,104.6,109.90834,109.54261,109.28415,109.291595,109.21121,109.76417,109.83626,109.942375,109.898575,110.28729,109.64126,109.77047,109.859436,110.14718,109.304794
2013-11-01,106.9,107.0,108.36734,107.86388,108.27586,107.92841,108.779724,108.94777,108.657555,108.73606,108.829636,108.90526,108.473305,108.576935,108.55416,108.93469,108.24194
2013-12-01,107.6,106.9,108.65547,108.19313,107.613335,108.43021,109.320984,108.490715,108.57309,107.827934,107.581406,108.11626,107.786125,108.91367,109.109436,108.72337,108.90823
2014-01-01,109.3,107.6,109.08026,108.933716,108.804184,109.18045,109.63095,109.41995,109.25011,109.66351,109.974106,109.792145,109.224304,109.63611,109.533295,109.59796,109.77708
2014-02-01,110.5,109.3,111.38955,111.23157,111.305405,111.33564,110.64485,111.1817,111.28563,111.53974,111.96875,111.73527,110.91522,112.133965,112.09289,111.88487,112.424126
2014-03-01,114.3,110.5,110.96821,110.80919,110.93169,110.96498,110.89778,111.8923,111.43025,111.95657,112.31466,112.04798,111.50709,111.80008,111.63093,111.74773,112.021576
2014-04-01,116.4,114.3,119.32457,119.4964,119.028046,119.216034,118.7247,118.166306,118.74544,118.79907,118.86811,118.92723,118.601875,119.48196,119.75563,119.275894,119.41434
2014-05-01,115.0,116.4,114.84849,114.6308,115.58896,114.89938,116.58041,116.21533,115.531906,116.332695,117.58283,115.758606,115.65665,115.00168,114.60915,115.30444,115.09142
2014-06-01,114.1,115.0,114.337585,114.33666,113.35579,114.36662,113.69638,113.415665,113.876625,113.00534,112.97473,113.26118,112.78013,114.37943,114.26911,114.64877,114.22042
2014-07-01,112.6,114.1,113.22581,113.40074,113.69725,113.581764,112.066605,114.068535,113.64717,113.63748,113.5737,113.63603,113.702705,113.412506,113.427376,113.28553,113.52462
2014-08-01,108.3,112.6,110.8076,110.72356,110.669716,111.07327,109.56309,110.22455,110.516075,110.968315,111.56086,110.89393,110.45015,110.442375,110.771576,110.62351,109.93203
2014-09-01,101.9,108.3,104.18186,103.789894,103.56099,103.67928,106.43485,103.11466,103.64826,105.264015,105.95343,105.69624,104.14237,104.50591,104.35797,104.752884,104.406876
2014-10-01,97.3,101.9,98.36741,97.80116,97.877945,97.27047,98.96849,97.387024,97.87721,99.06763,99.24532,99.51924,98.43831,98.85746,99.05635,98.87423,98.64182
2014-11-01,94.7,97.3,95.45394,95.593216,95.17344,95.07265,94.38312,95.63776,95.54585,94.15685,94.55505,94.55877,93.35671,95.46807,95.13136,95.57636,95.69647
2014-12-01,92.2,94.7,91.925575,92.12126,91.68647,92.14833,92.52234,91.428635,91.67711,91.82141,92.15085,91.690506,91.62289,92.24424,91.66176,92.49579,92.57517
2015-01-01,89.3,92.2,88.64817,89.164314,89.35712,89.46437,89.08828,88.75454,88.701355,88.34597,88.174164,88.48604,88.377716,89.36796,89.54803,89.13225,89.42362
2015-02-01,86.1,89.3,85.554886,85.80164,85.55155,86.40227,84.5882,85.078514,85.316696,84.90896,85.3176,84.85331,84.55597,85.07581,84.85243,85.31723,85.05777
2015-03-01,82.1,86.1,82.49687,82.720474,82.443634,83.19394,82.53328,81.263695,81.88028,81.862236,82.02226,81.976906,81.58752,82.27465,82.27583,82.44886,82.09924
2015-04-01,78.9,82.1,78.00469,78.01054,77.75249,78.33509,78.39961,78.80551,78.405106,77.90947,77.47132,77.798355,78.458725,78.11109,77.85853,78.12517,78.34957
2015-05-01,76.1,78.9,76.73496,76.70564,76.68612,76.951126,76.237175,77.42331,77.07913,76.03555,75.7993,76.13165,76.175705,76.76256,76.904465,76.77397,76.60924
2015-06-01,72.1,76.1,73.16605,73.093216,72.95702,73.06442,72.61493,73.47422,73.32014,72.57689,72.663734,72.656876,72.41005,72.80916,72.82022,72.87521,72.73204
2015-07-01,68.3,72.1,68.51296,68.433014,68.80124,68.288506,67.90321,68.81839,68.66568,67.70614,67.62635,67.78609,67.70597,68.523674,68.56466,68.47834,68.52802
2015-08-01,66.4,68.3,65.67176,65.59765,65.7681,65.474594,65.58055,66.67774,66.17475,65.62873,65.460175,65.65253,65.773506,65.9829,65.96065,65.65616,66.331894
2015-09-01,65.9,66.4,65.211845,65.13817,65.23158,65.04945,65.02959,66.13417,65.673004,65.505066,65.291084,65.56659,65.65753,65.46131,65.62829,65.25673,65.49894
2015-10-01,64.3,65.9,65.246506,65.02868,64.9574,64.978806,64.619675,65.41391,65.33021,65.0231,64.8176,65.01812,65.23359,65.13671,65.23247,65.22914,64.94852
2015-11-01,61.2,64.3,61.883568,61.703827,61.7434,61.674812,61.591297,62.225304,62.054436,61.968426,61.803055,62.029453,62.072773,61.81306,61.832073,61.919544,61.68756
2015-12-01,57.8,61.2,58.427612,58.313263,58.566864,58.28193,57.992683,58.662457,58.545036,58.0675,57.917946,58.130936,58.15362,58.25708,58.38846,58.20662,58.176155
2016-01-01,54.4,57.8,55.007065,55.02451,55.23396,54.983116,54.849327,55.41952,55.213295,54.93112,55.032333,55.04999,54.711037,55.004833,55.110504,54.968082,54.93592
2016-02-01,52.5,54.4,51.64888,51.72712,51.713226,51.526318,51.23099,52.22654,51.93771,51.48949,51.52449,51.538067,51.405907,51.76883,51.714832,51.842796,51.748848
2016-03-01,50.4,52.5,51.7343,51.631607,51.235764,51.505844,51.083054,52.06598,51.90014,51.279163,51.135403,51.400455,51.30163,51.583668,51.583412,51.645214,51.522392
2016-04-01,47.8,50.4,47.703197,47.70836,47.999855,47.512497,47.94422,48.208557,47.95588,47.77882,47.930984,47.76509,47.64038,47.636536,47.684116,47.637238,47.588264
2016-05-01,44.8,47.8,46.092937,45.928474,45.951794,45.81681,45.417336,45.872765,45.98285,45.318714,45.23471,45.362648,45.35878,46.081547,46.1491,45.979633,46.115902
2016-06-01,41.5,44.8,41.771244,41.782784,42.334236,41.7334,42.568314,42.831635,42.301437,42.50658,42.468475,42.517754,42.53352,42.136158,42.152256,41.89277,42.36345
2016-07-01,38.5,41.5,38.99857,39.027367,39.15979,38.915752,38.549896,39.247803,39.123184,38.66358,38.603554,38.628723,38.75847,39.042072,39.204613,39.07758,38.844017
2016-08-01,36.0,38.5,36.073555,36.000435,35.7621,35.972588,35.558117,36.072243,36.0729,35.582546,35.70782,35.617416,35.422394,35.75739,35.794205,35.896805,35.58116
2016-09-01,33.2,36.0,33.995842,33.972946,34.01918,33.90293,33.095707,33.765472,33.880657,33.41013,33.425667,33.47895,33.325768,33.890377,33.921947,33.928955,33.82023
2016-10-01,31.5,33.2,30.554892,30.417768,30.658627,30.363308,30.64395,31.181591,30.86824,30.337875,30.251175,30.393202,30.369247,30.542297,30.518394,30.383385,30.725111
2016-11-01,29.9,31.5,30.755606,30.61585,30.68472,30.647083,30.200226,31.090815,30.92321,30.56685,30.31948,30.789888,30.591187,30.982962,31.1178,30.803982,31.027102
2016-12-01,28.5,29.9,27.666744,27.574917,27.93971,27.5031,28.271723,28.676083,28.171413,28.227592,28.117899,28.184326,28.380556,27.824165,27.793312,27.688545,27.990639
2017-01-01,27.8,28.5,27.76674,27.587433,27.600685,27.625906,26.83796,27.735214,27.750977,27.228384,26.90365,27.419666,27.361835,27.696205,27.907152,27.740902,27.440557
2017-02-01,26.5,27.8,26.804466,26.673767,26.643227,26.687757,26.759258,27.088276,26.946371,27.036194,26.894844,27.1922,27.021538,26.674706,26.639347,26.667328,26.717443
2017-03-01,25.7,26.5,24.95963,24.84161,24.893822,24.795002,24.897877,25.249971,25.104801,24.830002,24.672264,24.99681,24.820927,24.962137,25.093788,24.953182,24.839441
2017-04-01,24.8,25.7,25.508928,25.299261,25.038612,25.322952,24.738409,25.768017,25.638474,25.176668,24.91355,25.355524,25.260933,25.388,25.395527,25.38303,25.385443
2017-05-01,23.3,24.8,23.340565,23.343779,23.401844,23.212929,23.900982,24.078861,23.709713,23.828588,23.903915,23.79237,23.789478,23.533539,23.641064,23.481377,23.47818
2017-06-01,22.2,23.3,22.273308,22.147312,21.792389,22.01878,21.716366,22.429152,22.35123,21.792963,21.682724,21.845995,21.85017,22.06537,22.144089,22.174469,21.877554
2017-07-01,21.0,22.2,21.378551,21.419813,21.188137,21.317013,21.085564,21.737278,21.557915,21.464308,21.519716,21.4821,21.391108,21.382639,21.442604,21.426117,21.279202
2017-08-01,19.6,21.0,19.782509,19.817995,19.68952,19.631779,19.802662,20.007965,19.895237,19.762163,19.792688,19.736485,19.757313,19.766449,19.783829,19.785698,19.72982
2017-09-01,18.3,19.6,18.594452,18.549288,18.470207,18.465572,18.347473,18.821014,18.707733,18.368668,18.302744,18.437317,18.365944,18.507317,18.57064,18.565853,18.385458
2017-10-01,16.7,18.3,17.180119,17.243229,17.298279,17.148193,17.030933,17.237225,17.208672,17.185213,17.248358,17.151989,17.155293,17.22761,17.244625,17.236305,17.2019
2017-11-01,15.4,16.7,15.280339,15.254774,15.394942,15.161588,15.237838,15.460018,15.370178,15.15831,15.160437,15.114684,15.199812,15.226085,15.251096,15.178212,15.248946
2017-12-01,15.1,15.4,14.634959,14.593301,14.578474,14.590664,14.188192,14.601197,14.618078,14.433841,14.424567,14.521177,14.355776,14.629016,14.702402,14.643096,14.54155
2018-01-01,14.2,15.1,14.944277,14.884741,14.849577,14.883975,14.624735,14.984442,14.964359,14.957199,14.879441,14.943142,15.049013,14.971494,14.938536,14.909794,15.066153
2018-02-01,12.6,14.2,12.776825,12.704016,12.919236,12.69399,12.991366,13.255114,13.015969,12.896764,12.837589,12.9443245,12.908377,12.792142,12.8201065,12.789126,12.767194
2018-03-01,9.9,12.6,11.423158,11.385034,11.478379,11.385787,10.9861,11.299147,11.361153,11.065285,10.993815,11.152193,11.049848,11.37865,11.436026,11.4133415,11.286581
2018-04-01,7.8,9.9,7.200406,7.2731543,7.837166,7.2055445,7.7501144,7.6487913,7.4245987,7.486777,7.597913,7.4850845,7.3773336,7.3183174,7.3814573,7.2044725,7.3690214
2018-05-01,7.5,7.8,7.090499,7.073512,6.7872505,7.0138035,6.3793697,6.8414965,6.9659977,6.5794244,6.562584,6.708352,6.4673386,6.9758797,7.017062,7.0188293,6.8917475
2018-06-01,7.2,7.5,7.3343,7.269124,7.166177,7.2866793,7.340824,7.540244,7.437272,7.5507455,7.5225754,7.5774536,7.552209,7.380806,7.3122883,7.3423033,7.4878254
2018-07-01,7.0,7.2,6.421708,6.3443546,6.483551,6.2797136,6.441165,6.6345167,6.5281124,6.408411,6.2693777,6.393922,6.5619335,6.4884896,6.480551,6.5010815,6.483838
2018-08-01,6.7,7.0,6.992327,6.793935,6.6137786,6.9168677,6.5640545,7.013722,7.0030246,6.8913727,6.600643,7.1123686,6.9611073,6.915025,6.9783998,6.817914,6.948762
2018-09-01,6.5,6.7,5.821605,5.809176,6.084457,5.841952,6.2602177,6.1535883,5.9875965,6.4294057,6.389392,6.4827604,6.416065,6.018524,6.0597177,5.905372,6.0904827
2018-10-01,6.8,6.5,6.5402484,6.370269,6.084784,6.4803843,6.2846336,6.4459662,6.4931073,6.3499775,6.0766907,6.4347796,6.5384617,6.5204806,6.5681925,6.4963,6.4969482
2018-11-01,6.7,6.8,6.835962,6.7542133,6.690499,6.8241763,6.7656527,6.798044,6.8170033,6.9706426,6.889022,7.099046,6.9238605,6.865293,6.887866,6.932892,6.77512
2018-12-01,6.0,6.7,6.3277726,6.1897573,5.9436784,6.169731,6.4828186,6.094743,6.211258,6.1977735,6.2203684,6.1012115,6.271741,6.1701827,6.203697,6.205308,6.101542
2019-01-01,5.4,6.0,5.381765,5.2397313,5.160462,5.2204885,5.5527453,5.656777,5.519271,5.3706474,5.3233347,5.3325825,5.456024,5.3044534,5.354744,5.281731,5.2768855
2019-02-01,5.0,5.4,5.0763125,5.0870504,4.874914,5.006238,5.33356,5.296612,5.1864624,5.336937,5.346739,5.259736,5.404335,5.220665,5.2421303,5.1342654,5.2855988
2019-03-01,4.6,5.0,4.681277,4.677693,4.5694923,4.5849323,5.154271,5.017976,4.8496265,4.9108014,4.9314632,4.919382,4.8815584,4.687143,4.6949363,4.69355,4.6729407
2019-04-01,4.3,4.6,4.2128077,4.3357606,4.0621653,4.2315693,4.371564,4.1948833,4.2038455,4.0111885,4.0784645,4.0647826,3.890318,4.1079755,4.1771765,4.3014655,3.845285
2019-05-01,3.9,4.3,4.088564,4.083338,3.8905334,4.0646234,3.80278,3.7232428,3.9059033,3.7760878,3.8529394,3.671976,3.8033478,3.9336903,3.8900619,4.0056653,3.9053438
2019-06-01,3.7,3.9,3.4364543,3.422846,3.5113635,3.427615,3.3934872,3.4498384,3.4431462,3.4590607,3.485596,3.4493928,3.4421928,3.4287126,3.443626,3.390884,3.4516275
2019-07-01,3.5,3.7,3.6787674,3.6539264,3.6237009,3.6877813,3.5540545,3.6117864,3.645277,3.6288402,3.5670257,3.6696596,3.6498356,3.7345817,3.736579,3.7178364,3.7493298
2019-08-01,3.4,3.5,3.0983086,3.0894368,3.0946796,3.1096804,3.1058989,3.30197,3.2001393,3.2330465,3.2179089,3.2133508,3.2678802,3.129072,3.0959644,3.129917,3.1613343
2019-09-01,3.1,3.4,3.4380734,3.4084082,3.3072,3.4492173,3.0349758,3.2519567,3.345015,3.185093,3.154086,3.2390184,3.1621747,3.350898,3.407576,3.38162,3.2634985
2019-10-01,2.6,3.1,2.5703032,2.5478392,2.4740067,2.5607839,2.4905915,2.5930593,2.5816813,2.5842526,2.6207743,2.5877767,2.5442073,2.5259423,2.4966052,2.5507278,2.5304942
2019-11-01,2.0,2.6,2.288614,2.2928307,2.2631073,2.2861657,2.1575732,2.3161063,2.30236,2.1544116,2.098279,2.1721933,2.1927624,2.3168309,2.317229,2.2996721,2.333591
2019-12-01,1.8,2.0,1.4298253,1.4459851,1.5129819,1.4360094,1.5397432,1.6895225,1.5596739,1.5591673,1.5766008,1.5806842,1.5202167,1.4746906,1.4899178,1.4368541,1.4972999
2020-01-01,2.2,1.8,1.9258866,1.9119551,1.780045,1.893904,1.64111,1.790169,1.8580278,1.7760042,1.7671602,1.799676,1.7611766,1.9058453,1.9119639,1.9395623,1.86601
2020-02-01,2.7,2.2,2.4974802,2.4653206,2.37798,2.4690504,2.4362135,2.5760279,2.5367541,2.5246255,2.47129,2.556728,2.5458581,2.4856846,2.460353,2.4579196,2.5387816
2020-03-01,3.0,2.7,2.9319417,2.9254875,2.76047,2.9205134,2.8637316,2.9419136,2.9369278,2.8167326,2.822477,2.8314762,2.7962444,2.9644985,2.9784749,2.9575076,2.9575133
2020-04-01,3.6,3.0,3.106488,3.0555573,2.993023,3.0686457,2.9278271,3.1501744,3.1283312,2.9614055,2.9403331,2.910245,3.0336378,3.0929806,3.0602858,3.0780585,3.140598
2020-05-01,5.6,3.6,4.164672,4.150611,3.8162541,4.142438,3.3086593,4.252828,4.20875,4.0934753,3.8808384,4.0866466,4.3129406,4.207235,4.2170463,4.1697793,4.2348785
2020-06-01,7.9,5.6,6.850939,7.19125,5.911687,6.9294615,6.7950106,6.8635244,6.8572316,6.1240783,6.0018096,5.943169,6.4272547,6.8189797,6.875774,6.65565,6.925517
2020-07-01,9.0,7.9,9.463455,9.250747,8.979831,9.246907,9.094575,9.097122,9.280289,8.966887,8.727451,8.842113,9.331098,9.300961,9.262386,9.382367,9.258128
2020-08-01,9.5,9.0,10.035322,9.875574,9.865017,9.682034,9.856937,10.064473,10.049898,9.848917,9.987887,9.801658,9.757206,9.963535,9.960148,10.090025,9.840432
2020-09-01,10.5,9.5,10.572219,10.248335,10.218718,10.37294,10.6249,10.450106,10.511162,10.335435,10.336914,10.355087,10.314302,10.641317,10.771402,10.575676,10.576874
2020-10-01,11.9,10.5,11.968665,11.884346,11.68077,11.910334,11.872931,11.873879,11.921272,11.922141,11.947535,11.897697,11.92119,12.13171,12.102634,12.18428,12.108214
2020-11-01,13.6,11.9,13.1887245,13.138571,13.173923,13.141077,13.366614,13.302832,13.245778,13.388539,13.485765,13.401014,13.278837,13.494519,13.449179,13.54072,13.493658
2020-12-01,15.3,13.6,15.32579,15.337048,15.370722,15.332891,15.082542,15.195253,15.260522,15.2539015,15.342184,15.28083,15.138687,15.512573,15.651075,15.503866,15.382776
2021-01-01,17.3,15.3,16.59401,16.580612,16.746796,16.55291,16.755772,16.785421,16.689716,16.817915,16.986832,16.773792,16.693121,16.711004,16.744968,16.671335,16.716705
2021-02-01,19.0,17.3,19.418343,19.395294,19.506952,19.376236,19.297459,19.480446,19.449394,19.446754,19.423195,19.53272,19.384344,19.625433,19.794071,19.53651,19.545717
2021-03-01,21.7,19.0,20.029081,20.004154,20.252869,20.051914,20.467255,20.697088,20.363085,20.587687,20.70485,20.547983,20.510231,20.296194,20.259232,20.327868,20.301483
2021-04-01,24.8,21.7,25.157082,25.128277,24.707966,25.006657,24.378363,24.464977,24.81103,24.534607,24.457294,24.657648,24.488878,25.0251,25.289661,25.152603,24.633034
2021-05-01,25.8,24.8,26.79215,26.787285,27.30022,26.782911,27.046392,27.188766,26.99046,27.295778,27.555727,27.266602,27.06501,26.785772,26.801645,26.970991,26.584675
2021-06-01,27.6,25.8,26.25909,26.23453,26.209785,26.256268,26.16249,26.379765,26.319427,26.208994,26.256344,26.241116,26.12952,26.213552,26.220387,26.328342,26.09193
2021-07-01,31.4,27.6,30.603958,30.62134,30.279734,30.666046,30.137947,30.502775,30.553368,30.320501,29.828377,30.47361,30.65952,30.815376,30.974323,30.733215,30.73859
2021-08-01,35.4,31.4,34.579933,34.715843,34.532806,34.70595,35.44926,35.11818,34.849056,35.486237,35.681225,35.38761,35.389877,34.874344,35.0269,34.834885,34.761246
2021-09-01,40.2,35.4,38.871895,38.831223,39.000923,38.76068,38.76259,38.876976,38.874435,38.8156,38.858166,38.907402,38.681244,39.159954,39.421825,39.23374,38.824295
2021-10-01,45.2,40.2,44.936543,44.96211,45.310757,44.850876,45.18705,45.083496,45.010017,45.00406,44.868835,45.09432,45.04903,45.196487,45.500732,45.222473,44.86626
2021-11-01,50.8,45.2,49.326,49.24438,49.83052,49.203316,49.881214,49.790405,49.558205,49.75972,49.939293,49.686676,49.65319,49.365093,49.6017,49.375328,49.11824
2021-12-01,55.9,50.8,56.695713,56.644188,56.928837,56.546326,56.482697,56.54689,56.6213,56.377136,56.230556,56.593307,56.30754,56.876926,57.31922,56.991287,56.320274
2022-01-01,60.1,55.9,59.756447,59.72206,60.555115,59.807743,60.75714,60.799446,60.277946,60.70724,60.86317,60.65542,60.603134,60.153214,60.210075,60.379005,59.870564
2022-02-01,64.7,60.1,64.60386,64.59152,64.7453,64.60792,64.13107,64.391975,64.49792,64.03253,64.00669,64.0809,64.01001,64.53679,64.93751,64.69829,63.974567
2022-03-01,68.7,64.7,69.111374,69.15717,69.461334,69.25839,69.24234,69.43273,69.27205,69.30851,69.38866,69.462204,69.074684,69.32973,69.58226,69.50427,68.90265
2022-04-01,73.0,68.7,71.98038,71.992905,72.05986,72.07696,72.365265,72.81717,72.39877,72.53717,72.689545,72.484055,72.43791,72.43045,72.459496,72.45897,72.37289
2022-05-01,77.4,73.0,77.55458,77.62018,77.788826,77.754105,77.852554,78.24675,77.900665,77.773674,77.64936,77.79617,77.87548,78.252495,78.53725,78.12231,78.09794
2022-06-01,81.1,77.4,80.71736,80.772766,80.56525,80.913956,81.37625,81.5428,81.13008,81.447914,82.05079,81.28751,81.00543,81.05632,81.25241,81.14516,80.77139
2022-07-01,86.7,81.1,84.44856,84.380035,84.18719,84.369064,83.89491,84.42871,84.43864,84.18905,84.46491,84.17198,83.93024,84.586975,84.72174,84.69966,84.33952
2022-08-01,92.6,86.7,92.60762,92.702515,92.79207,92.686386,92.420044,92.5054,92.55651,92.601326,92.47063,92.78856,92.5448,92.978355,93.238495,93.01259,92.68397
2022-09-01,96.5,92.6,96.68201,96.65088,96.61699,96.72006,97.04149,97.33722,97.00961,97.40674,97.87059,97.183754,97.16585,96.87543,96.93367,97.06955,96.62305
2022-10-01,98.9,96.5,99.73987,99.675125,99.58046,99.77567,98.64435,99.66269,99.70128,99.24389,99.39096,99.23987,99.10083,99.7573,99.92197,100.03935,99.3106
2022-11-01,101.2,98.9,100.81063,100.83158,100.14727,100.97739,100.61614,101.41434,101.11249,101.13816,101.38556,100.98676,101.04217,100.82339,100.83849,101.010254,100.62138
2022-12-01,106.7,101.2,103.817116,103.81092,103.00133,103.93529,103.492455,104.01939,103.91825,103.75104,103.923836,103.58093,103.74835,103.805595,103.95718,103.83397,103.62564
2023-01-01,113.3,106.7,112.936005,113.08841,113.00009,113.1181,112.544,112.416016,112.67601,112.80692,112.53954,113.10716,112.77407,113.3361,113.5797,113.38669,113.04193
2023-02-01,117.8,113.3,117.84342,117.88855,118.3866,117.93712,118.60564,118.652466,118.24794,118.854164,119.07478,118.74289,118.74484,118.31976,118.36877,118.44032,118.15019
2023-03-01,121.1,117.8,121.30764,121.2657,121.577896,121.31247,121.144165,121.39635,121.35199,120.960335,121.00839,120.874535,120.998085,121.43399,121.57315,121.558624,121.17019
2023-04-01,122.9,121.1,124.067406,124.04235,124.038,124.201126,124.019104,124.59263,124.33002,124.25476,124.34016,124.20729,124.21681,124.20908,124.37245,124.217354,124.03746
2023-05-01,124.2,122.9,124.013626,123.92137,123.012146,124.067474,124.26354,125.01256,124.51309,124.67704,125.10462,124.39607,124.530426,124.11489,124.09872,124.224365,124.02156
2023-06-01,125.3,124.2,126.04943,125.98768,125.38175,126.24653,125.52333,126.15533,126.10238,125.792915,126.05401,125.70618,125.61856,126.12217,126.31379,126.379295,125.67344
2023-07-01,124.6,125.3,125.88405,125.90987,125.936584,126.0314,124.75575,125.93621,125.910126,125.96189,126.61446,125.61546,125.65575,125.67014,125.61378,126.01671,125.379944
2023-08-01,124.3,124.6,123.42855,123.26251,123.644844,123.42767,122.36707,123.62382,123.526184,123.30267,124.021034,122.9472,122.939804,123.38656,123.26869,123.44645,123.44451
2023-09-01,124.0,124.3,124.769775,124.967415,124.79641,125.248024,123.64993,125.24145,125.005615,124.70599,124.58689,125.00775,124.52333,125.337166,125.317,125.05923,125.635284
2023-10-01,124.8,124.0,122.63682,122.64358,122.540695,122.97475,123.47726,123.89193,123.26437,123.64383,123.86586,123.65632,123.4093,123.16433,123.02094,123.0437,123.42833
2023-11-01,127.9,124.8,126.270935,126.47252,126.20933,126.64908,124.780426,125.29389,125.78241,125.04711,124.9019,125.32619,124.913246,126.40839,126.31758,126.60522,126.302376
2023-12-01,129.5,127.9,130.24852,130.44373,130.46219,130.39232,128.49637,129.53633,129.89243,130.38977,131.00653,129.9294,130.2334,130.26422,130.10052,130.59793,130.0942
2024-01-01,131.2,129.5,129.04274,128.99834,129.8225,129.25505,128.77776,128.67377,128.85825,128.99158,129.7514,128.39876,128.8246,129.26192,128.89354,129.59511,129.29709
2024-02-01,136.9,131.2,134.24818,134.00948,134.15604,133.88438,131.62697,132.98645,133.61731,132.96715,132.41277,133.10817,133.38052,134.27643,134.17744,134.33376,134.3181
2024-03-01,141.4,136.9,143.22435,142.95892,140.38394,142.46924,142.38533,142.7887,143.00653,143.29608,142.44376,143.7609,143.68361,143.04646,143.30252,143.08647,142.7504
2024-04-01,144.4,141.4,143.56744,143.18936,144.54575,143.28438,143.66159,144.9858,144.27661,144.67723,144.8479,144.55638,144.6274,143.75627,143.50648,144.06526,143.69704
2024-05-01,149.1,144.4,149.00453,148.92905,148.12794,148.73898,147.1527,147.9792,148.49187,147.6397,147.12999,147.9882,147.80089,148.87376,149.3369,149.06049,148.22386
2024-06-01,152.8,149.1,154.02193,153.65253,153.95346,153.78735,153.99995,154.47426,154.2481,154.7591,154.54602,154.63217,155.0991,154.29668,154.38289,154.2838,154.22331
2024-07-01,155.0,152.8,155.51212,155.53378,155.95894,155.58788,155.71606,156.29652,155.90433,156.23827,156.48492,156.1023,156.1276,156.02068,156.10107,156.07858,155.88239
2024-08-01,156.8,155.0,157.7313,157.56761,157.81491,157.73152,157.57133,158.15431,157.94281,157.64728,157.43921,157.97408,157.52855,158.50183,158.67747,158.54938,158.27863
2024-09-01,159.4,156.8,158.41966,158.42363,158.01207,158.4501,159.19948,159.2509,158.83528,158.99265,159.5012,158.65414,158.8226,158.64731,158.61862,158.63757,158.68573
2024-10-01,160.9,159.4,162.48499,162.47153,162.27403,162.54529,161.71962,161.9784,162.23169,161.95355,162.41402,162.01834,161.42828,162.51912,162.90761,162.47993,162.16982
2024-11-01,157.2,160.9,160.9388,160.82202,160.66566,160.93623,161.77103,162.10071,161.51974,162.17805,162.56822,162.19241,161.77357,161.4691,161.16972,161.66571,161.57187
2024-12-01,151.2,157.2,152.73407,152.21019,152.61197,152.21547,154.79771,154.31758,153.52582,154.42078,155.35736,154.26605,153.63892,152.94006,152.73767,153.0996,152.98291
2025-01-01,146.2,151.2,147.17426,147.14745,146.7671,147.20561,149.81625,146.77295,146.9736,147.02965,147.65508,147.8662,145.56767,147.1626,147.84442,147.21725,146.42613
2025-02-01,139.8,146.2,142.29941,142.76192,142.74706,142.5934,143.99353,141.59888,141.94914,141.37996,141.80116,142.60881,139.72993,142.31984,142.36925,142.63194,141.95834
2025-03-01,135.9,139.8,134.23843,133.68887,132.57611,133.4647,136.68973,134.4478,134.34311,135.67055,135.84016,136.19838,134.97311,134.67377,134.26855,134.99544,134.75731
