date,actual,recursive_pred
2002-05-01,73.8,74.15518188476562
2002-06-01,71.8,72.76738739013672
2002-07-01,69.4,71.84058380126953
2002-08-01,67.2,71.2281265258789
2002-09-01,65.0,70.76924133300781
2002-10-01,62.2,70.26482391357422
2002-11-01,58.1,69.73482513427734
2002-12-01,55.3,69.07862854003906
2003-01-01,53.6,68.2069091796875
2003-02-01,51.7,67.07233428955078
2003-03-01,49.7,65.79415893554688
2003-04-01,48.0,64.41437530517578
2003-05-01,46.8,62.97360610961914
2003-06-01,46.2,61.567264556884766
2003-07-01,45.1,60.31056594848633
2003-08-01,43.6,59.27312088012695
2003-09-01,41.2,58.46482467651367
2003-10-01,38.1,57.85966873168945
2003-11-01,34.7,57.395538330078125
2003-12-01,31.2,57.01472473144531
2004-01-01,27.9,56.66312789916992
2004-02-01,25.5,56.29429244995117
2004-03-01,24.1,55.86885070800781
2004-04-01,23.3,55.36622619628906
2004-05-01,23.0,54.78269577026367
2004-06-01,22.9,54.128292083740234
2004-07-01,23.2,53.42390060424805
2004-08-01,23.3,52.69671630859375
2004-09-01,22.9,51.98573303222656
2004-10-01,22.3,51.334651947021484
2004-11-01,21.5,50.774505615234375
2004-12-01,20.2,50.31538009643555
2005-01-01,19.2,49.94993591308594
2005-02-01,18.4,49.65858840942383
2005-03-01,18.1,49.4153938293457
2005-04-01,17.9,49.1940803527832
2005-05-01,17.4,48.97216796875
2005-06-01,17.4,48.732574462890625
2005-07-01,17.3,48.46406555175781
2005-08-01,16.6,48.16213607788086
2005-09-01,15.5,47.82905197143555
2005-10-01,13.9,47.472591400146484
2005-11-01,12.4,47.10452651977539
2005-12-01,10.7,46.74094009399414
2006-01-01,9.0,46.40048599243164
2006-02-01,7.3,46.09830093383789
2006-03-01,6.0,45.841800689697266
2006-04-01,5.4,45.63039779663086
2006-05-01,4.8,45.45711135864258
2006-06-01,4.2,45.311038970947266
2006-07-01,3.5,45.180171966552734
2006-08-01,3.3,45.05356216430664
2006-09-01,3.1,44.92246627807617
2006-10-01,3.0,44.78078079223633
2006-11-01,3.0,44.625335693359375
2006-12-01,2.8,44.4560432434082
2007-01-01,2.8,44.27556228637695
2007-02-01,2.7,44.08872604370117
2007-03-01,2.6,43.90229415893555
2007-04-01,2.4,43.72441101074219
2007-05-01,2.2,43.56253433227539
2007-06-01,1.9,43.42127990722656
2007-07-01,1.5,43.30168151855469
2007-08-01,1.2,43.20158767700195
2007-09-01,1.1,43.11660385131836
2007-10-01,0.9,43.04130172729492
2007-11-01,0.8,42.97035598754883
2007-12-01,0.6,42.899261474609375
2008-01-01,0.6,42.824676513671875
2008-02-01,0.6,42.74459457397461
2008-03-01,0.6,42.65842056274414
2008-04-01,0.7,42.56690216064453
2008-05-01,0.9,42.471927642822266
2008-06-01,1.0,42.37633514404297
2008-07-01,1.2,42.283695220947266
2008-08-01,1.3,42.19760513305664
2008-09-01,1.5,42.12070846557617
2008-10-01,1.5,42.05411148071289
2008-11-01,1.6,41.997371673583984
2008-12-01,1.6,41.94882583618164
2009-01-01,1.6,41.90609359741211
2009-02-01,1.5,41.86662292480469
2009-03-01,1.5,41.828121185302734
2009-04-01,1.6,41.78877639770508
2009-05-01,1.9,41.74738311767578
2009-06-01,2.3,41.7033805847168
2009-07-01,3.1,41.6568717956543
2009-08-01,4.3,41.60853576660156
2009-09-01,5.7,41.559539794921875
2009-10-01,7.1,41.51144027709961
2009-11-01,8.4,41.46593475341797
2009-12-01,9.4,41.4244499206543
2010-01-01,10.4,41.38779067993164
2010-02-01,11.4,41.356040954589844
2010-03-01,12.2,41.32863998413086
2010-04-01,13.0,41.30458450317383
2010-05-01,13.7,41.28268814086914
2010-06-01,14.7,41.26179504394531
2010-07-01,15.7,41.24094009399414
2010-08-01,16.9,41.21942138671875
2010-09-01,18.8,41.19683837890625
2010-10-01,21.6,41.17311096191406
2010-11-01,24.6,41.14845657348633
2010-12-01,27.5,41.12333679199219
2011-01-01,30.7,41.098419189453125
2011-02-01,33.9,41.074493408203125
2011-03-01,38.0,41.05229187011719
2011-04-01,42.7,41.03230667114258
2011-05-01,48.0,41.01472473144531
2011-06-01,53.0,40.9994010925293
2011-07-01,57.9,40.98593521118164
2011-08-01,61.7,40.97378921508789
2011-09-01,64.2,40.962398529052734
2011-10-01,65.0,40.95125961303711
2011-11-01,64.8,40.93997573852539
2011-12-01,63.4,40.92829513549805
2012-01-01,60.3,40.91611862182617
2012-02-01,56.5,40.90349197387695
2012-03-01,52.3,40.89059066772461
2012-04-01,47.9,40.87770080566406
2012-05-01,44.9,40.86517333984375
2012-06-01,42.7,40.85336685180664
2012-07-01,42.4,40.84256362915039
2012-08-01,42.4,40.83291244506836
2012-09-01,43.2,40.82440185546875
2012-10-01,44.2,40.81688690185547
2012-11-01,45.7,40.81013488769531
2012-12-01,46.5,40.80388259887695
2013-01-01,46.9,40.79787826538086
2013-02-01,46.7,40.79190444946289
2013-03-01,45.3,40.78580856323242
2013-04-01,43.8,40.779510498046875
2013-05-01,41.5,40.773006439208984
2013-06-01,38.7,40.7663459777832
2013-07-01,36.0,40.7596549987793
2013-08-01,33.6,40.75308609008789
2013-09-01,32.2,40.74681091308594
2013-10-01,31.4,40.74098205566406
2013-11-01,31.0,40.73569869995117
2013-12-01,31.5,40.73098373413086
2014-01-01,32.8,40.7267951965332
2014-02-01,34.5,40.72303771972656
2014-03-01,36.0,40.71958923339844
2014-04-01,37.1,40.71632766723633
2014-05-01,37.8,40.713134765625
2014-06-01,38.5,40.70992660522461
2014-07-01,38.6,40.70664596557617
2014-08-01,38.5,40.703277587890625
2014-09-01,37.8,40.6998291015625
2014-10-01,37.1,40.696346282958984
2014-11-01,36.7,40.69289779663086
2014-12-01,36.7,40.6895637512207
2015-01-01,36.7,40.68642044067383
2015-02-01,36.6,40.68353271484375
2015-03-01,36.4,40.68092727661133
2015-04-01,36.5,40.678592681884766
2015-05-01,37.1,40.67649841308594
2015-06-01,36.8,40.67458724975586
2015-07-01,36.6,40.67279815673828
2015-08-01,36.6,40.67106628417969
2015-09-01,36.6,40.66934585571289
2015-10-01,36.7,40.667606353759766
2015-11-01,36.5,40.665828704833984
2015-12-01,35.9,40.66402053833008
2016-01-01,35.3,40.66218948364258
2016-02-01,34.8,40.66035842895508
2016-03-01,34.3,40.658573150634766
2016-04-01,33.3,40.6568717956543
2016-05-01,32.0,40.6552848815918
2016-06-01,30.2,40.653831481933594
2016-07-01,29.1,40.65251159667969
2016-08-01,27.7,40.65131759643555
2016-09-01,26.1,40.65022277832031
2016-10-01,24.5,40.64921188354492
2016-11-01,23.2,40.64825439453125
2016-12-01,21.9,40.64731979370117
2017-01-01,20.7,40.64638900756836
2017-02-01,19.4,40.64544677734375
2017-03-01,18.4,40.64448547363281
2017-04-01,17.6,40.64350891113281
2017-05-01,17.0,40.64252853393555
2017-06-01,16.3,40.64155578613281
2017-07-01,15.4,40.64060974121094
2017-08-01,13.9,40.639705657958984
2017-09-01,12.4,40.638858795166016
2017-10-01,10.8,40.63807678222656
2017-11-01,9.3,40.63736343383789
2017-12-01,8.2,40.6367073059082
2018-01-01,7.2,40.63609313964844
2018-02-01,6.5,40.63551330566406
2018-03-01,5.8,40.63494873046875
2018-04-01,5.4,40.634395599365234
2018-05-01,5.4,40.633846282958984
2018-06-01,5.2,40.633296966552734
2018-07-01,4.9,40.632747650146484
2018-08-01,4.6,40.63219451904297
2018-09-01,4.3,40.63164138793945
2018-10-01,4.2,40.6310920715332
2018-11-01,4.2,40.630558013916016
2018-12-01,4.2,40.63005065917969
2019-01-01,4.3,40.629573822021484
2019-02-01,4.6,40.62913513183594
2019-03-01,4.7,40.62873077392578
2019-04-01,4.6,40.628360748291016
2019-05-01,4.2,40.62801742553711
2019-06-01,3.6,40.6276969909668
2019-07-01,3.0,40.62739181518555
2019-08-01,2.4,40.62709426879883
2019-09-01,1.9,40.626800537109375
2019-10-01,1.4,40.62650680541992
2019-11-01,1.1,40.6262092590332
2019-12-01,0.9,40.62590026855469
2020-01-01,1.0,40.62558364868164
2020-02-01,1.2,40.62527084350586
2020-03-01,1.3,40.62495803833008
2020-04-01,1.4,40.62465286254883
2020-05-01,1.7,40.624359130859375
2020-06-01,1.7,40.624080657958984
2020-07-01,1.7,40.62382125854492
2020-08-01,1.7,40.62358474731445
2020-09-01,1.7,40.62336730957031
2020-10-01,1.7,40.62316131591797
2020-11-01,3.8,40.62295913696289
2020-12-01,5.1,40.62276077270508
2021-01-01,6.3,40.622562408447266
2021-02-01,7.2,40.62236404418945
2021-03-01,8.0,40.622161865234375
2021-04-01,9.2,40.621952056884766
2021-05-01,10.4,40.62174606323242
2021-06-01,11.7,40.62154769897461
2021-07-01,13.4,40.62135696411133
2021-08-01,15.6,40.62117004394531
2021-09-01,18.1,40.62099075317383
2021-10-01,21.3,40.62081527709961
2021-11-01,24.1,40.62065124511719
2021-12-01,26.0,40.62049865722656
2022-01-01,28.3,40.6203498840332
2022-02-01,30.1,40.62019729614258
2022-03-01,31.4,40.62004470825195
2022-04-01,34.2,40.61988830566406
2022-05-01,38.0,40.61972427368164
2022-06-01,41.6,40.619564056396484
2022-07-01,45.6,40.619407653808594
2022-08-01,49.0,40.619258880615234
2022-09-01,51.0,40.61911392211914
2022-10-01,51.0,40.61897659301758
2022-11-01,52.5,40.61884307861328
2022-12-01,56.3,40.618717193603516
2023-01-01,59.1,40.618595123291016
2023-02-01,62.4,40.618473052978516
2023-03-01,66.7,40.61835861206055
2023-04-01,68.9,40.61824417114258
2023-05-01,68.2,40.61812973022461
2023-06-01,67.7,40.61801528930664
2023-07-01,66.9,40.61790084838867
2023-08-01,66.1,40.6177864074707
2023-09-01,65.3,40.617671966552734
2023-10-01,66.1,40.617557525634766
2023-11-01,66.8,40.6174430847168
2023-12-01,64.8,40.61732482910156
2024-01-01,62.7,40.61720657348633
2024-02-01,62.0,40.617088317871094
2024-03-01,59.8,40.61697006225586
2024-04-01,56.6,40.616851806640625
2024-05-01,55.1,40.61673355102539
2024-06-01,53.8,40.61661148071289
2024-07-01,53.4,40.61648941040039
2024-08-01,54.7,40.616363525390625
2024-09-01,57.1,40.616233825683594
2024-10-01,58.1,40.61610794067383
2024-11-01,56.5,40.61598205566406
2024-12-01,56.0,40.61586380004883
