Resolution,Model,RMSE,RMSE_norm,MAE,R2,MAPE
Daily,ResidualLSTM (Proposed),13.474314237282693,0.20875492333181458,9.35475730895996,0.9564173817634584,62.95648956298828
Daily,LSTM,13.52581579318208,0.20955282689587856,9.423988342285156,0.956083595752716,67.1571273803711
Daily,GRU,13.603343305845064,0.21075394553368548,9.454062461853027,0.9555786848068236,63.92330932617188
Daily,BiLSTM,13.62159672501235,0.21103674219789473,9.437337875366213,0.9554594159126282,61.044620513916016
Daily,RNN,13.860492441916408,0.21473790696133893,9.669463157653809,0.953883409500122,68.05461120605469
Daily,CNN1D,13.865484050303428,0.21481524097684315,9.649585723876951,0.9538501501083374,65.66344451904297
Daily,Naive Persistence,14.028894307402892,0.21734692422926744,9.58067512512207,0.9527559876441956,49.74261474609375
Daily,PatchTST,14.046482305585725,0.2176194116559046,9.782722473144531,0.9526374340057372,67.44499969482422
Daily,Chronos-Bolt (zero-shot),14.090446406400352,0.21830053889795117,9.758092880249023,0.9523404836654664,54.450042724609375
Monthly mean,GRU,21.58950061639301,0.33100606996712806,15.228795051574709,0.8902149796485901,49.03582763671875
Monthly mean,LSTM,21.60002042981348,0.33116735772264255,15.223978996276855,0.8901079893112183,48.53609848022461
Monthly mean,ResidualLSTM (Proposed),21.624703642297334,0.33154579598777967,15.163597106933594,0.8898566365242004,48.49828338623047
Monthly mean,RNN,21.77523427283204,0.3338537026553907,15.413721084594728,0.888317883014679,49.434566497802734
Monthly mean,BiLSTM,21.8669732762372,0.3352602274064443,15.503231048583984,0.8873748779296875,47.4807014465332
Monthly mean,PatchTST,22.086834938213546,0.33863110410990876,15.622137069702148,0.8850986957550049,50.59725570678711
Monthly mean,CNN1D,22.2024892975058,0.3404042944964816,15.80246925354004,0.8838922381401062,50.83712768554688
Monthly mean,Naive Persistence,23.74285845547496,0.364020938083448,16.756912231445312,0.8672226667404175,52.09086608886719
Monthly mean,Chronos-Bolt (zero-shot),23.02441039681785,0.35300583066632546,16.207061767578125,0.87513667345047,53.17618942260742
Monthly smoothed (13-mo),ResidualLSTM (Proposed),1.298107067529775,0.021161719278144617,0.918290376663208,0.9995512962341307,2.249711751937866
Monthly smoothed (13-mo),BiLSTM,1.3242985074040696,0.021588691684330606,0.954719066619873,0.9995329976081848,2.3849339485168457
Monthly smoothed (13-mo),GRU,1.3303802191981309,0.021687835646285465,0.9553818702697754,0.999528706073761,2.346813678741455
Monthly smoothed (13-mo),LSTM,1.3485326598572012,0.021983756424354576,0.9620746970176696,0.9995157122612,2.3304662704467773
Monthly smoothed (13-mo),PatchTST,1.3589354056416894,0.02215334180873443,0.9909451603889464,0.999508261680603,2.3178226947784424
Monthly smoothed (13-mo),RNN,1.4312534615420665,0.023332269522776665,1.024993062019348,0.9994544982910156,2.5620453357696533
Monthly smoothed (13-mo),CNN1D,1.5582577909767203,0.0254026919354052,1.0784928798675537,0.9993534088134766,2.706705570220948
Monthly smoothed (13-mo),Naive Persistence,3.640574573609664,0.05934858461596939,2.7672033309936523,0.9964706301689148,5.84141731262207
Monthly smoothed (13-mo),Chronos-Bolt (zero-shot),3.817582666567505,0.06223416752883466,2.897688865661621,0.9961190819740297,9.57253646850586
Yearly,ResidualLSTM (Proposed),19.934018204745108,0.2963213587808,15.771215438842772,0.9104017019271852,49.68350982666016
Yearly,LSTM,20.36780481899145,0.30276964420093677,15.46977996826172,0.9064597487449646,49.064754486083984
Yearly,RNN,20.918158043611296,0.31095070502137523,15.6810302734375,0.9013363718986512,50.59150314331055
Yearly,GRU,21.18094968112929,0.3148571314280205,16.19589614868164,0.8988418579101562,47.79802322387695
Yearly,BiLSTM,21.58322006058396,0.32083692457423635,17.1196231842041,0.8949629068374634,51.168678283691406
Yearly,CNN1D,21.72925639537841,0.3230077706481783,16.730735778808594,0.8935367465019226,56.64737701416016
Yearly,PatchTST,22.37220925769989,0.3325653352013076,17.30975341796875,0.8871431946754456,52.53276824951172
Yearly,Naive Persistence,39.908655773704815,0.5932465288490812,30.684001922607425,0.6408761143684387,59.32036209106445
Yearly,Chronos-Bolt (zero-shot),39.38101702537816,0.5854031212007258,28.69028854370117,0.6503093838691711,42.72550201416016
